"weapon_name","filename","wiki_image_url"
"108 Bocce","108_Bocce.png","https://static.wikia.nocookie.net/vampire-survivors/images/e/ed/Icon-108_Bocce.png/revision/latest?cb=20221216150818"
"Anima of Mortaccio","Anima_of_Mortaccio.png","https://static.wikia.nocookie.net/vampire-survivors/images/1/11/Icon-Anima_of_Mortaccio.png/revision/latest?cb=20230210145644"
"Ashes of Muspell","Ashes_of_Muspell.png","https://static.wikia.nocookie.net/vampire-survivors/images/9/96/Icon-Ashes_of_Muspell.png/revision/latest?cb=20241101044107"
"Axe","Axe.png","https://static.wikia.nocookie.net/vampire-survivors/images/7/71/Icon-Axe.png/revision/latest?cb=20220610142839"
"Bi-Bracelet","Bi-Bracelet.png","https://static.wikia.nocookie.net/vampire-survivors/images/c/c5/Icon-Bi-Bracelet.png/revision/latest?cb=20220903210659"
"Blade Crossbow","Blade_Crossbow.png","https://static.wikia.nocookie.net/vampire-survivors/images/3/33/Icon-Blade_Crossbow.png/revision/latest?cb=20240509101447"
"Bloody Tear","Bloody_Tear.png","https://static.wikia.nocookie.net/vampire-survivors/images/5/5b/Icon-Bloody_Tear.png/revision/latest?cb=20220311152536"
"Bone","Bone.png","https://static.wikia.nocookie.net/vampire-survivors/images/c/cb/Icon-Bone.png/revision/latest?cb=20220311151548"
"Boo Roo Boolle","Boo_Roo_Boolle.png","https://static.wikia.nocookie.net/vampire-survivors/images/2/25/Icon-Boo_Roo_Boolle.png/revision/latest?cb=20221216150841"
"Bracelet","Bracelet.png","https://static.wikia.nocookie.net/vampire-survivors/images/b/bc/Icon-Bracelet.png/revision/latest?cb=20220903210641"
"C-U-Laser","C-U-Laser.png","https://static.wikia.nocookie.net/vampire-survivors/images/e/ec/Icon-C-U-Laser.png/revision/latest?cb=20240509101448"
"Candybox","Candybox.png","https://static.wikia.nocookie.net/vampire-survivors/images/f/fb/Icon-Candybox.png/revision/latest?cb=20220903210606"
"Carréllo","Carréllo.png","https://static.wikia.nocookie.net/vampire-survivors/images/4/45/Icon-Carr%C3%A9llo.png/revision/latest?cb=20220508172348"
"Celestial Dusting","Celestial_Dusting.png","https://static.wikia.nocookie.net/vampire-survivors/images/3/32/Icon-Celestial_Dusting.png/revision/latest?cb=20220425071755"
"Celestial Voulge","Celestial_Voulge.png","https://static.wikia.nocookie.net/vampire-survivors/images/a/ad/Icon-Celestial_Voulge.png/revision/latest?cb=20231020070742"
"Cherry Bomb","Cherry_Bomb.png","https://static.wikia.nocookie.net/vampire-survivors/images/a/a0/Icon-Cherry_Bomb.png/revision/latest?cb=20220311150948"
"Clear Asteroids","Clear_Asteroids.png","https://static.wikia.nocookie.net/vampire-survivors/images/e/ee/Icon-Clear_Asteroids.png/revision/latest?cb=20231231204926"
"Clear Debris","Clear_Debris.png","https://static.wikia.nocookie.net/vampire-survivors/images/2/24/Icon-Clear_Debris.png/revision/latest?cb=20231231204911"
"Clock Lancet","Clock_Lancet.png","https://static.wikia.nocookie.net/vampire-survivors/images/c/ce/Icon-Clock_Lancet.png/revision/latest?cb=20220508170300"
"Crimson Shroud","Crimson_Shroud.png","https://static.wikia.nocookie.net/vampire-survivors/images/5/57/Icon-Crimson_Shroud.png/revision/latest?cb=20220525142038"
"Cross","Cross.png","https://static.wikia.nocookie.net/vampire-survivors/images/c/c3/Icon-Cross.png/revision/latest?cb=20220311151525"
"Crossed Wires","Crossed_Wires.png","https://static.wikia.nocookie.net/vampire-survivors/images/6/6e/Icon-Crossed_Wires.png/revision/latest?cb=20231231204723"
"Death Spiral","Death_Spiral.png","https://static.wikia.nocookie.net/vampire-survivors/images/6/65/Icon-Death_Spiral.png/revision/latest?cb=20220311152809"
"Diver Mines","Diver_Mines.png","https://static.wikia.nocookie.net/vampire-survivors/images/3/35/Icon-Diver_Mines.png/revision/latest?cb=20240509101449"
"Ebony Wings","Ebony_Wings.png","https://static.wikia.nocookie.net/vampire-survivors/images/e/ed/Icon-Ebony_Wings.png/revision/latest?cb=20220311151442"
"Echo Night","Echo_Night.png","https://static.wikia.nocookie.net/vampire-survivors/images/1/1d/Icon-Echo_Night.png/revision/latest?cb=20221216150851"
"Eight The Sparrow","Eight_The_Sparrow.png","https://static.wikia.nocookie.net/vampire-survivors/images/d/d8/Icon-Eight_The_Sparrow.png/revision/latest?cb=20220320163841"
"Emergency Meeting (weapon)","Emergency_Meeting_(weapon).png","https://static.wikia.nocookie.net/vampire-survivors/images/9/94/Icon-Emergency_Meeting_%28weapon%29.png/revision/latest?cb=20231231204654"
"Eskizzibur","Eskizzibur.png","https://static.wikia.nocookie.net/vampire-survivors/images/c/ce/Icon-Eskizzibur.png/revision/latest?cb=20230414140645"
"Festive Winds","Festive_Winds.png","https://static.wikia.nocookie.net/vampire-survivors/images/a/ad/Icon-Festive_Winds.png/revision/latest?cb=20221216150900"
"Fire Wand","Fire_Wand.png","https://static.wikia.nocookie.net/vampire-survivors/images/b/b2/Icon-Fire_Wand.png/revision/latest?cb=20220610002012"
"Firearm","Firearm.png","https://static.wikia.nocookie.net/vampire-survivors/images/e/eb/Icon-Firearm.png/revision/latest?cb=20240509101450"
"Flames of Misspell","Flames_of_Misspell.png","https://static.wikia.nocookie.net/vampire-survivors/images/a/a7/Icon-Flames_of_Misspell.png/revision/latest?cb=20241101044123"
"Flash Arrow","Flash_Arrow.png","https://static.wikia.nocookie.net/vampire-survivors/images/3/38/Icon-Flash_Arrow.png/revision/latest?cb=20230414140657"
"Four Seasons","Four_Seasons.png","https://static.wikia.nocookie.net/vampire-survivors/images/2/2f/Icon-Four_Seasons.png/revision/latest?cb=20221216150908"
"Fuwalafuwaloo","Fuwalafuwaloo.png","https://static.wikia.nocookie.net/vampire-survivors/images/e/e7/Icon-Fuwalafuwaloo.png/revision/latest?cb=20220610001841"
"Garlic","Garlic.png","https://static.wikia.nocookie.net/vampire-survivors/images/c/cb/Icon-Garlic.png/revision/latest?cb=20220311151403"
"Gatti Amari","Gatti_Amari.png","https://static.wikia.nocookie.net/vampire-survivors/images/b/b2/Icon-Gatti_Amari.png/revision/latest?cb=20220415165105"
"Glass Fandango","Glass_Fandango.png","https://static.wikia.nocookie.net/vampire-survivors/images/c/cc/Icon-Glass_Fandango.png/revision/latest?cb=20231020070726"
"Godai Shuffle","Godai_Shuffle.png","https://static.wikia.nocookie.net/vampire-survivors/images/0/01/Icon-Godai_Shuffle.png/revision/latest?cb=20221216150915"
"Gorgeous Moon","Gorgeous_Moon.png","https://static.wikia.nocookie.net/vampire-survivors/images/5/5b/Icon-Gorgeous_Moon.png/revision/latest?cb=20220311152550"
"Greatest Jubilee","Greatest_Jubilee.png","https://static.wikia.nocookie.net/vampire-survivors/images/c/cd/Icon-Greatest_Jubilee.png/revision/latest?cb=20221021195534"
"Hats","Hats.png","https://static.wikia.nocookie.net/vampire-survivors/images/4/47/Icon-Hats.png/revision/latest?cb=20231231205031"
"Heaven Sword","Heaven_Sword.png","https://static.wikia.nocookie.net/vampire-survivors/images/2/29/Icon-Heaven_Sword.png/revision/latest?cb=20220311152756"
"Hellfire","Hellfire.png","https://static.wikia.nocookie.net/vampire-survivors/images/1/11/Icon-Hellfire.png/revision/latest?cb=20220311152747"
"Holy Wand","Holy_Wand.png","https://static.wikia.nocookie.net/vampire-survivors/images/6/65/Icon-Holy_Wand.png/revision/latest?cb=20220311152736"
"Homing Miss","Homing_Miss.png","https://static.wikia.nocookie.net/vampire-survivors/images/e/e1/Icon-Homing_Miss.png/revision/latest?cb=20240509101452"
"Impostongue","Impostongue.png","https://static.wikia.nocookie.net/vampire-survivors/images/4/4c/Icon-Impostongue.png/revision/latest?cb=20231231204953"
"Infinite Corridor","Infinite_Corridor.png","https://static.wikia.nocookie.net/vampire-survivors/images/c/cc/Icon-Infinite_Corridor.png/revision/latest?cb=20220525142101"
"J'Odore","J'Odore.png","https://static.wikia.nocookie.net/vampire-survivors/images/e/ef/Icon-J%27Odore.png/revision/latest?cb=20221216150923"
"Just Vent","Just_Vent.png","https://static.wikia.nocookie.net/vampire-survivors/images/a/ad/Icon-Just_Vent.png/revision/latest?cb=20231231204841"
"King Bible","King_Bible.png","https://static.wikia.nocookie.net/vampire-survivors/images/5/59/Icon-King_Bible.png/revision/latest?cb=20220311151337"
"Knife","Knife.png","https://static.wikia.nocookie.net/vampire-survivors/images/6/60/Icon-Knife.png/revision/latest?cb=20220610002057"
"La Borra","La_Borra.png","https://static.wikia.nocookie.net/vampire-survivors/images/8/8f/Icon-La_Borra.png/revision/latest?cb=20220311152608"
"La Robba","La_Robba.png","https://static.wikia.nocookie.net/vampire-survivors/images/6/63/Icon-La_Robba.png/revision/latest?cb=20220623191136"
"Laurel","Laurel.png","https://static.wikia.nocookie.net/vampire-survivors/images/6/69/Icon-Laurel.png/revision/latest?cb=20220311151232"
"Legionnaire","Legionnaire.png","https://static.wikia.nocookie.net/vampire-survivors/images/a/a1/Icon-Legionnaire.png/revision/latest?cb=20230414140711"
"Lifesign Scan","Lifesign_Scan.png","https://static.wikia.nocookie.net/vampire-survivors/images/4/43/Icon-Lifesign_Scan.png/revision/latest?cb=20231231204738"
"Lightning Ring","Lightning_Ring.png","https://static.wikia.nocookie.net/vampire-survivors/images/9/96/Icon-Lightning_Ring.png/revision/latest?cb=20220311151107"
"Long Gun","Long_Gun.png","https://static.wikia.nocookie.net/vampire-survivors/images/0/08/Icon-Long_Gun.png/revision/latest?cb=20240509101437"
"Lucky Swipe","Lucky_Swipe.png","https://static.wikia.nocookie.net/vampire-survivors/images/7/75/Icon-Lucky_Swipe.png/revision/latest?cb=20231231204710"
"Luminaire","Luminaire.png","https://static.wikia.nocookie.net/vampire-survivors/images/3/33/Icon-Luminaire.png/revision/latest?cb=20230414140722"
"Magic Wand","Magic_Wand.png","https://static.wikia.nocookie.net/vampire-survivors/images/6/6c/Icon-Magic_Wand.png/revision/latest?cb=20220311151053"
"Mannajja","Mannajja.png","https://static.wikia.nocookie.net/vampire-survivors/images/8/8c/Icon-Mannajja.png/revision/latest?cb=20220311162352"
"Mazo Familiar","Mazo_Familiar.png","https://static.wikia.nocookie.net/vampire-survivors/images/7/7b/Icon-Mazo_Familiar.png/revision/latest?cb=20240106223854"
"Metal Claw","Metal_Claw.png","https://static.wikia.nocookie.net/vampire-survivors/images/8/8e/Icon-Metal_Claw.png/revision/latest?cb=20240509101438"
"Mille Bolle Blu","Mille_Bolle_Blu.png","https://static.wikia.nocookie.net/vampire-survivors/images/7/7a/Icon-Mille_Bolle_Blu.png/revision/latest?cb=20221216151045"
"Millionaire","Millionaire.png","https://static.wikia.nocookie.net/vampire-survivors/images/2/2f/Icon-Millionaire.png/revision/latest?cb=20230414140731"
"Mirage Robe","Mirage_Robe.png","https://static.wikia.nocookie.net/vampire-survivors/images/b/b1/Icon-Mirage_Robe.png/revision/latest?cb=20221216151055"
"Muramasa","Muramasa.png","https://static.wikia.nocookie.net/vampire-survivors/images/8/8f/Icon-Muramasa.png/revision/latest?cb=20221216151103"
"Night Sword","Night_Sword.png","https://static.wikia.nocookie.net/vampire-survivors/images/1/1f/Icon-Night_Sword.png/revision/latest?cb=20221216151112"
"NO FUTURE","NO_FUTURE.png","https://static.wikia.nocookie.net/vampire-survivors/images/4/48/Icon-NO_FUTURE.png/revision/latest?cb=20220508171012"
"Ophion","Ophion.png","https://static.wikia.nocookie.net/vampire-survivors/images/9/99/Icon-Ophion.png/revision/latest?cb=20230414140741"
"Pako Battiliar","Pako_Battiliar.png","https://static.wikia.nocookie.net/vampire-survivors/images/3/32/Icon-Pako_Battiliar.png/revision/latest?cb=20240106154647"
"Paranormal Scan","Paranormal_Scan.png","https://static.wikia.nocookie.net/vampire-survivors/images/b/b4/Icon-Paranormal_Scan.png/revision/latest?cb=20231231204821"
"Party Popper","Party_Popper.png","https://static.wikia.nocookie.net/vampire-survivors/images/4/46/Icon-Party_Popper.png/revision/latest?cb=20230414140821"
"Peachone","Peachone.png","https://static.wikia.nocookie.net/vampire-survivors/images/4/46/Icon-Peachone.png/revision/latest?cb=20220311151037"
"Pentagram","Pentagram.png","https://static.wikia.nocookie.net/vampire-survivors/images/6/69/Icon-Pentagram.png/revision/latest?cb=20220311151022"
"Phas3r","Phas3r.png","https://static.wikia.nocookie.net/vampire-survivors/images/8/80/Icon-Phas3r.png/revision/latest?cb=20240106224049"
"Phiera Der Tuphello","Phiera_Der_Tuphello.png","https://static.wikia.nocookie.net/vampire-survivors/images/f/fc/Icon-Phiera_Der_Tuphello.png/revision/latest?cb=20220320163842"
"Phieraggi","Phieraggi.png","https://static.wikia.nocookie.net/vampire-survivors/images/0/03/Icon-Phieraggi.png/revision/latest?cb=20220320163842"
"Photonstorm","Photonstorm.png","https://static.wikia.nocookie.net/vampire-survivors/images/c/c1/Icon-Photonstorm.png/revision/latest?cb=20240106224149"
"Prism Lass","Prism_Lass.png","https://static.wikia.nocookie.net/vampire-survivors/images/d/df/Icon-Prism_Lass.png/revision/latest?cb=20240509101446"
"Prismatic Missile","Prismatic_Missile.png","https://static.wikia.nocookie.net/vampire-survivors/images/6/62/Icon-Prismatic_Missile.png/revision/latest?cb=20230414140848"
"Profusione D'Amore","Profusione_D'Amore.png","https://static.wikia.nocookie.net/vampire-survivors/images/7/7c/Icon-Profusione_D%27Amore.png/revision/latest?cb=20231020070754"
"Pronto Beam","Pronto_Beam.png","https://static.wikia.nocookie.net/vampire-survivors/images/9/90/Icon-Pronto_Beam.png/revision/latest?cb=20240509101449"
"Report!","Report!.png","https://static.wikia.nocookie.net/vampire-survivors/images/0/0e/Icon-Report%21.png/revision/latest?cb=20231231204632"
"Rocket Science","Rocket_Science.png","https://static.wikia.nocookie.net/vampire-survivors/images/d/d3/Icon-Rocket_Science.png/revision/latest?cb=20231231205018"
"Runetracer","Runetracer.png","https://static.wikia.nocookie.net/vampire-survivors/images/b/b0/Icon-Runetracer.png/revision/latest?cb=20220311151008"
"Santa Javelin","Santa_Javelin.png","https://static.wikia.nocookie.net/vampire-survivors/images/7/7a/Icon-Santa_Javelin.png/revision/latest?cb=20240430104248"
"Santa Water","Santa_Water.png","https://static.wikia.nocookie.net/vampire-survivors/images/a/a2/Icon-Santa_Water.png/revision/latest?cb=20220508171456"
"Science Rocks","Science_Rocks.png","https://static.wikia.nocookie.net/vampire-survivors/images/d/de/Icon-Science_Rocks.png/revision/latest?cb=20231231205006"
"Seraphic Cry","Seraphic_Cry.png","https://static.wikia.nocookie.net/vampire-survivors/images/8/85/Icon-Seraphic_Cry.png/revision/latest?cb=20240430104246"
"Shadow Pinion","Shadow_Pinion.png","https://static.wikia.nocookie.net/vampire-survivors/images/4/40/Icon-Shadow_Pinion.png/revision/latest?cb=20220508172925"
"Shadow Servant","Shadow_Servant.png","https://static.wikia.nocookie.net/vampire-survivors/images/f/fb/Icon-Shadow_Servant.png/revision/latest?cb=20230414140901"
"Sharp Tongue","Sharp_Tongue.png","https://static.wikia.nocookie.net/vampire-survivors/images/b/bd/Icon-Sharp_Tongue.png/revision/latest?cb=20231231204941"
"Short Gun","Short_Gun.png","https://static.wikia.nocookie.net/vampire-survivors/images/b/b9/Icon-Short_Gun.png/revision/latest?cb=20240509101458"
"Silver Wind","Silver_Wind.png","https://static.wikia.nocookie.net/vampire-survivors/images/c/c0/Icon-Silver_Wind.png/revision/latest?cb=20221216151120"
"Sole Solution","Sole_Solution.png","https://static.wikia.nocookie.net/vampire-survivors/images/0/08/Icon-Sole_Solution.png/revision/latest?cb=20241101044016"
"Song of Mana","Song_of_Mana.png","https://static.wikia.nocookie.net/vampire-survivors/images/0/07/Icon-Song_of_Mana.png/revision/latest?cb=20220311162351"
"Sonic Bloom","Sonic_Bloom.png","https://static.wikia.nocookie.net/vampire-survivors/images/f/f3/Icon-Sonic_Bloom.png/revision/latest?cb=20240509101459"
"Soul Eater","Soul_Eater.png","https://static.wikia.nocookie.net/vampire-survivors/images/b/b3/Icon-Soul_Eater.png/revision/latest?cb=20220311152727"
"SpellStream","SpellStream.png","https://static.wikia.nocookie.net/vampire-survivors/images/1/1e/Icon-SpellStream.png/revision/latest?cb=20230414141020"
"SpellStrike","SpellStrike.png","https://static.wikia.nocookie.net/vampire-survivors/images/5/57/Icon-SpellStrike.png/revision/latest?cb=20230414141036"
"SpellString","SpellString.png","https://static.wikia.nocookie.net/vampire-survivors/images/9/93/Icon-SpellString.png/revision/latest?cb=20230414141046"
"SpellStrom","SpellStrom.png","https://static.wikia.nocookie.net/vampire-survivors/images/1/1f/Icon-SpellStrom.png/revision/latest?cb=20230414140941"
"Spread Shot","Spread_Shot.png","https://static.wikia.nocookie.net/vampire-survivors/images/7/74/Icon-Spread_Shot.png/revision/latest?cb=20240509101459"
"Summon Night","Summon_Night.png","https://static.wikia.nocookie.net/vampire-survivors/images/e/ef/Icon-Summon_Night.png/revision/latest?cb=20221216151129"
"Super Candybox II Turbo","Super_Candybox_II_Turbo.png","https://static.wikia.nocookie.net/vampire-survivors/images/5/54/Icon-Super_Candybox_II_Turbo.png/revision/latest?cb=20241101044029"
"Thousand Edge","Thousand_Edge.png","https://static.wikia.nocookie.net/vampire-survivors/images/d/d7/Icon-Thousand_Edge.png/revision/latest?cb=20220610002135"
"Thunder Loop","Thunder_Loop.png","https://static.wikia.nocookie.net/vampire-survivors/images/f/f4/Icon-Thunder_Loop.png/revision/latest?cb=20220311152559"
"Time Warp","Time_Warp.png","https://static.wikia.nocookie.net/vampire-survivors/images/1/1f/Icon-Time_Warp.png/revision/latest?cb=20240509101500"
"Tri-Bracelet","Tri-Bracelet.png","https://static.wikia.nocookie.net/vampire-survivors/images/f/fb/Icon-Tri-Bracelet.png/revision/latest?cb=20220903210716"
"Unholy Vespers","Unholy_Vespers.png","https://static.wikia.nocookie.net/vampire-survivors/images/f/fc/Icon-Unholy_Vespers.png/revision/latest?cb=20220311152708"
"Unjust Ejection","Unjust_Ejection.png","https://static.wikia.nocookie.net/vampire-survivors/images/8/8f/Icon-Unjust_Ejection.png/revision/latest?cb=20231231204854"
"Valkyrie Turner","Valkyrie_Turner.png","https://static.wikia.nocookie.net/vampire-survivors/images/1/14/Icon-Valkyrie_Turner.png/revision/latest?cb=20220508173130"
"Vandalier","Vandalier.png","https://static.wikia.nocookie.net/vampire-survivors/images/3/30/Icon-Vandalier.png/revision/latest?cb=20220311152617"
"Vento Sacro","Vento_Sacro.png","https://static.wikia.nocookie.net/vampire-survivors/images/b/bf/Icon-Vento_Sacro.png/revision/latest?cb=20220610001935"
"Vicious Hunger","Vicious_Hunger.png","https://static.wikia.nocookie.net/vampire-survivors/images/b/bb/Icon-Vicious_Hunger.png/revision/latest?cb=20220508173204"
"Victory Sword","Victory_Sword.png","https://static.wikia.nocookie.net/vampire-survivors/images/7/78/Icon-Victory_Sword.png/revision/latest?cb=20241101044049"
"Whip","Whip.png","https://static.wikia.nocookie.net/vampire-survivors/images/1/16/Icon-Whip.png/revision/latest?cb=20220311151414"
