time_stamp,interval_start_second,interval_end_second,xp_jump_events,model_collected_blue_gems,model_collected_green_gems,model_collected_red_gems,model_unresolved_collected_gems,model_collected_gems_total,model_assigned_events,model_mean_confidence,likely_collected_blue_gems,likely_collected_green_gems,likely_collected_red_gems,likely_color_events,event_ids
0:00-0:01,0,1,0,0,0,0,0,0,0,,0,0,0,0,
0:01-0:02,1,2,0,0,0,0,0,0,0,,0,0,0,0,
0:02-0:03,2,3,0,0,0,0,0,0,0,,0,0,0,0,
0:03-0:04,3,4,0,0,0,0,0,0,0,,0,0,0,0,
0:04-0:05,4,5,0,0,0,0,0,0,0,,0,0,0,0,
0:05-0:06,5,6,0,0,0,0,0,0,0,,0,0,0,0,
0:06-0:07,6,7,0,0,0,0,0,0,0,,0,0,0,0,
0:07-0:08,7,8,1,0,1,0,0,1,0,,0,1,0,0,1
0:08-0:09,8,9,0,0,0,0,0,0,0,,0,0,0,0,
0:09-0:10,9,10,0,0,0,0,0,0,0,,0,0,0,0,
0:10-0:11,10,11,0,0,0,0,0,0,0,,0,0,0,0,
0:11-0:12,11,12,0,0,0,0,0,0,0,,0,0,0,0,
0:12-0:13,12,13,0,0,0,0,0,0,0,,0,0,0,0,
0:13-0:14,13,14,0,0,0,0,0,0,0,,0,0,0,0,
0:14-0:15,14,15,0,0,0,0,0,0,0,,0,0,0,0,
0:15-0:16,15,16,1,1,0,0,0,1,0,,1,0,0,0,2
0:16-0:17,16,17,2,2,0,0,0,2,0,,2,0,0,0,3|4
0:17-0:18,17,18,2,2,0,0,0,2,0,,2,0,0,0,5|6
0:18-0:19,18,19,2,2,0,0,0,2,0,,2,0,0,0,7|8
0:19-0:20,19,20,1,1,0,0,0,1,0,,1,0,0,0,9
0:20-0:21,20,21,0,0,0,0,0,0,0,,0,0,0,0,
0:21-0:22,21,22,1,1,0,0,0,1,0,,1,0,0,0,10
0:22-0:23,22,23,1,1,0,0,0,1,0,,1,0,0,0,11
0:23-0:24,23,24,0,0,0,0,0,0,0,,0,0,0,0,
0:24-0:25,24,25,1,1,0,0,0,1,0,,1,0,0,0,12
0:25-0:26,25,26,2,2,0,0,0,2,0,,2,0,0,0,13|14
0:26-0:27,26,27,0,0,0,0,0,0,0,,0,0,0,0,
0:27-0:28,27,28,0,0,0,0,0,0,0,,0,0,0,0,
0:28-0:29,28,29,3,3,0,0,0,3,0,,3,0,0,0,15|16|17
0:29-0:30,29,30,1,1,0,0,0,1,0,,1,0,0,0,18
0:30-0:31,30,31,1,1,0,0,0,1,0,,1,0,0,0,19
0:31-0:32,31,32,0,0,0,0,0,0,0,,0,0,0,0,
0:32-0:33,32,33,1,1,0,0,0,1,0,,1,0,0,0,20
0:33-0:34,33,34,1,1,0,0,0,1,0,,1,0,0,0,21
0:34-0:35,34,35,0,0,0,0,0,0,0,,0,0,0,0,
0:35-0:36,35,36,1,1,0,0,0,1,0,,1,0,0,0,22
0:36-0:37,36,37,0,0,0,0,0,0,0,,0,0,0,0,
0:37-0:38,37,38,2,2,0,0,0,2,0,,2,0,0,0,23|24
0:38-0:39,38,39,1,1,0,0,0,1,0,,1,0,0,0,25
0:39-0:40,39,40,1,1,0,0,0,1,0,,1,0,0,0,26
0:40-0:41,40,41,0,0,0,0,0,0,0,,0,0,0,0,
0:41-0:42,41,42,0,0,0,0,0,0,0,,0,0,0,0,
0:42-0:43,42,43,0,0,0,0,0,0,0,,0,0,0,0,
0:43-0:44,43,44,1,1,0,0,0,1,0,,1,0,0,0,27
0:44-0:45,44,45,1,1,0,0,0,1,0,,1,0,0,0,28
0:45-0:46,45,46,0,0,0,0,0,0,0,,0,0,0,0,
0:46-0:47,46,47,1,1,0,0,0,1,0,,1,0,0,0,29
0:47-0:48,47,48,2,2,0,0,0,2,0,,2,0,0,0,30|31
0:48-0:49,48,49,1,1,0,0,0,1,0,,1,0,0,0,32
0:49-0:50,49,50,1,1,0,0,0,1,0,,1,0,0,0,33
0:50-0:51,50,51,1,1,0,0,0,1,0,,1,0,0,0,34
0:51-0:52,51,52,0,0,0,0,0,0,0,,0,0,0,0,
0:52-0:53,52,53,0,0,0,0,0,0,0,,0,0,0,0,
0:53-0:54,53,54,0,0,0,0,0,0,0,,0,0,0,0,
0:54-0:55,54,55,2,2,0,0,0,2,0,,2,0,0,0,35|36
0:55-0:56,55,56,0,0,0,0,0,0,0,,0,0,0,0,
0:56-0:57,56,57,0,0,0,0,0,0,0,,0,0,0,0,
0:57-0:58,57,58,3,3,0,0,0,3,0,,3,0,0,0,37|38|39
0:58-0:59,58,59,2,2,0,0,0,2,0,,2,0,0,0,40|41
0:59-1:00,59,60,1,1,0,0,0,1,0,,1,0,0,0,42
1:00-1:01,60,61,1,1,0,0,0,1,0,,1,0,0,0,43
1:01-1:02,61,62,0,0,0,0,0,0,0,,0,0,0,0,
1:02-1:03,62,63,1,1,0,0,0,1,0,,1,0,0,0,44
1:03-1:04,63,64,1,1,0,0,0,1,0,,1,0,0,0,45
1:04-1:05,64,65,1,1,0,0,0,1,0,,1,0,0,0,46
1:05-1:06,65,66,1,1,0,0,0,1,0,,1,0,0,0,47
1:06-1:07,66,67,1,1,0,0,0,1,0,,1,0,0,0,48
1:07-1:08,67,68,0,0,0,0,0,0,0,,0,0,0,0,
1:08-1:09,68,69,1,1,0,0,0,1,0,,1,0,0,0,49
1:09-1:10,69,70,2,3,0,0,0,3,0,,3,0,0,0,50|51
1:10-1:11,70,71,2,3,0,0,0,3,0,,3,0,0,0,52|53
1:11-1:12,71,72,3,3,0,0,0,3,0,,3,0,0,0,54|55|56
1:12-1:13,72,73,1,1,0,0,0,1,0,,1,0,0,0,57
1:13-1:14,73,74,0,0,0,0,0,0,0,,0,0,0,0,
1:14-1:15,74,75,0,0,0,0,0,0,0,,0,0,0,0,
1:15-1:16,75,76,0,0,0,0,0,0,0,,0,0,0,0,
1:16-1:17,76,77,1,1,0,0,0,1,0,,1,0,0,0,58
1:17-1:18,77,78,0,0,0,0,0,0,0,,0,0,0,0,
1:18-1:19,78,79,0,0,0,0,0,0,0,,0,0,0,0,
1:19-1:20,79,80,1,1,0,0,0,1,0,,1,0,0,0,59
1:20-1:21,80,81,0,0,0,0,0,0,0,,0,0,0,0,
1:21-1:22,81,82,1,1,0,0,0,1,0,,1,0,0,0,60
1:22-1:23,82,83,1,1,0,0,0,1,0,,1,0,0,0,61
1:23-1:24,83,84,0,0,0,0,0,0,0,,0,0,0,0,
1:24-1:25,84,85,0,0,0,0,0,0,0,,0,0,0,0,
1:25-1:26,85,86,2,2,0,0,0,2,0,,2,0,0,0,62|63
1:26-1:27,86,87,0,0,0,0,0,0,0,,0,0,0,0,
1:27-1:28,87,88,2,2,0,0,0,2,0,,2,0,0,0,64|65
1:28-1:29,88,89,0,0,0,0,0,0,0,,0,0,0,0,
1:29-1:30,89,90,0,0,0,0,0,0,0,,0,0,0,0,
1:30-1:31,90,91,1,1,0,0,0,1,0,,1,0,0,0,66
1:31-1:32,91,92,0,0,0,0,0,0,0,,0,0,0,0,
1:32-1:33,92,93,0,0,0,0,0,0,0,,0,0,0,0,
1:33-1:34,93,94,0,0,0,0,0,0,0,,0,0,0,0,
1:34-1:35,94,95,0,0,0,0,0,0,0,,0,0,0,0,
1:35-1:36,95,96,0,0,0,0,0,0,0,,0,0,0,0,
1:36-1:37,96,97,0,0,0,0,0,0,0,,0,0,0,0,
1:37-1:38,97,98,0,0,0,0,0,0,0,,0,0,0,0,
1:38-1:39,98,99,0,0,0,0,0,0,0,,0,0,0,0,
1:39-1:40,99,100,2,2,1,0,0,3,0,,2,1,0,0,67|68
1:40-1:41,100,101,3,3,0,0,0,3,0,,3,0,0,0,69|70|71
1:41-1:42,101,102,0,0,0,0,0,0,0,,0,0,0,0,
1:42-1:43,102,103,1,1,0,0,0,1,0,,1,0,0,0,72
1:43-1:44,103,104,1,1,0,0,0,1,0,,1,0,0,0,73
1:44-1:45,104,105,0,0,0,0,0,0,0,,0,0,0,0,
1:45-1:46,105,106,2,2,0,0,0,2,0,,2,0,0,0,74|75
1:46-1:47,106,107,1,1,0,0,0,1,0,,1,0,0,0,76
1:47-1:48,107,108,6,8,0,0,0,8,0,,8,0,0,0,77|78|79|80|81|82
1:48-1:49,108,109,3,5,0,0,0,5,0,,5,0,0,0,83|84|85
1:49-1:50,109,110,0,0,0,0,0,0,0,,0,0,0,0,
1:50-1:51,110,111,2,2,0,0,0,2,0,,2,0,0,0,86|87
1:51-1:52,111,112,3,3,0,0,0,3,0,,3,0,0,0,88|89|90
1:52-1:53,112,113,2,3,0,0,0,3,1,0.9958,3,0,0,0,91|92
1:53-1:54,113,114,2,2,0,0,0,2,0,,2,0,0,0,93|94
1:54-1:55,114,115,3,4,0,0,0,4,0,,4,0,0,0,95|96|97
1:55-1:56,115,116,3,3,0,0,0,3,0,,3,0,0,0,98|99|100
1:56-1:57,116,117,1,1,0,0,0,1,0,,1,0,0,0,101
1:57-1:58,117,118,3,3,0,0,0,3,0,,3,0,0,0,102|103|104
1:58-1:59,118,119,12,12,0,0,0,12,1,0.8696,12,0,0,0,105|106|107|108|109|110|111|112|113|114|115|116
1:59-2:00,119,120,0,0,0,0,0,0,0,,0,0,0,0,
2:00-2:01,120,121,11,11,0,0,0,11,1,0.9934,11,0,0,0,117|118|119|120|121|122|123|124|125|126|127
2:01-2:02,121,122,1,1,0,0,0,1,0,,1,0,0,0,128
2:02-2:03,122,123,2,2,0,0,0,2,0,,2,0,0,0,129|130
2:03-2:04,123,124,2,1,1,0,0,2,0,,1,1,0,0,131|132
2:04-2:05,124,125,1,0,1,0,0,1,0,,0,1,0,0,133
2:05-2:06,125,126,3,3,0,0,0,3,0,,3,0,0,0,134|135|136
2:06-2:07,126,127,0,0,0,0,0,0,0,,0,0,0,0,
2:07-2:08,127,128,3,3,0,0,0,3,0,,3,0,0,0,137|138|139
2:08-2:09,128,129,4,4,0,0,0,4,0,,4,0,0,0,140|141|142|143
2:09-2:10,129,130,4,4,0,0,0,4,1,0.9913,4,0,0,0,144|145|146|147
2:10-2:11,130,131,2,2,0,0,0,2,0,,2,0,0,0,148|149
2:11-2:12,131,132,1,1,0,0,0,1,0,,1,0,0,0,150
2:12-2:13,132,133,0,0,0,0,0,0,0,,0,0,0,0,
2:13-2:14,133,134,0,0,0,0,0,0,0,,0,0,0,0,
2:14-2:15,134,135,0,0,0,0,0,0,0,,0,0,0,0,
2:15-2:16,135,136,0,0,0,0,0,0,0,,0,0,0,0,
2:16-2:17,136,137,4,4,0,0,0,4,1,0.998,4,0,0,0,151|152|153|154
2:17-2:18,137,138,2,2,0,0,0,2,0,,2,0,0,0,155|156
2:18-2:19,138,139,0,0,0,0,0,0,0,,0,0,0,0,
2:19-2:20,139,140,1,1,0,0,0,1,0,,1,0,0,0,157
2:20-2:21,140,141,0,0,0,0,0,0,0,,0,0,0,0,
2:21-2:22,141,142,0,0,0,0,0,0,0,,0,0,0,0,
2:22-2:23,142,143,1,1,0,0,0,1,0,,1,0,0,0,158
2:23-2:24,143,144,1,1,0,0,0,1,0,,1,0,0,0,159
2:24-2:25,144,145,1,1,0,0,0,1,0,,1,0,0,0,160
2:25-2:26,145,146,0,0,0,0,0,0,0,,0,0,0,0,
2:26-2:27,146,147,0,0,0,0,0,0,0,,0,0,0,0,
2:27-2:28,147,148,4,4,0,0,0,4,0,,4,0,0,0,161|162|163|164
2:28-2:29,148,149,12,15,0,0,0,15,0,,15,0,0,0,165|166|167|168|169|170|171|172|173|174|175|176
2:29-2:30,149,150,6,7,0,0,0,7,0,,7,0,0,0,177|178|179|180|181|182
2:30-2:31,150,151,3,3,0,0,0,3,0,,3,0,0,0,183|184|185
2:31-2:32,151,152,0,0,0,0,0,0,0,,0,0,0,0,
2:32-2:33,152,153,5,5,0,0,0,5,0,,5,0,0,0,186|187|188|189|190
2:33-2:34,153,154,12,12,0,0,0,12,1,0.9935,12,0,0,0,191|192|193|194|195|196|197|198|199|200|201|202
2:34-2:35,154,155,0,0,0,0,0,0,0,,0,0,0,0,
2:35-2:36,155,156,0,0,0,0,0,0,0,,0,0,0,0,
2:36-2:37,156,157,9,8,1,0,0,9,1,0.9937,8,1,0,0,203|204|205|206|207|208|209|210|211
2:37-2:38,157,158,2,1,1,0,0,2,0,,1,1,0,0,212|213
2:38-2:39,158,159,1,1,0,0,0,1,0,,1,0,0,0,214
2:39-2:40,159,160,1,1,0,0,0,1,0,,1,0,0,0,215
2:40-2:41,160,161,1,1,0,0,0,1,0,,1,0,0,0,216
2:41-2:42,161,162,5,5,0,0,0,5,2,0.9963,5,0,0,0,217|218|219|220|221
2:42-2:43,162,163,4,5,0,0,0,5,0,,5,0,0,0,222|223|224|225
2:43-2:44,163,164,2,2,0,0,0,2,0,,2,0,0,0,226|227
2:44-2:45,164,165,2,2,0,0,0,2,0,,2,0,0,0,228|229
2:45-2:46,165,166,3,2,1,0,0,3,1,0.7708,2,1,0,0,230|231|232
2:46-2:47,166,167,7,7,0,0,0,7,1,0.9685,7,0,0,0,233|234|235|236|237|238|239
2:47-2:48,167,168,4,4,0,0,0,4,0,,4,0,0,0,240|241|242|243
2:48-2:49,168,169,1,1,0,0,0,1,0,,1,0,0,0,244
2:49-2:50,169,170,0,0,0,0,0,0,0,,0,0,0,0,
2:50-2:51,170,171,1,1,0,0,0,1,1,0.8117,1,0,0,0,245
2:51-2:52,171,172,2,3,0,0,0,3,1,1.0,3,0,0,0,246|247
2:52-2:53,172,173,5,6,0,0,0,6,1,0.9954,6,0,0,0,248|249|250|251|252
2:53-2:54,173,174,4,4,0,0,0,4,0,,4,0,0,0,253|254|255|256
2:54-2:55,174,175,5,5,1,0,0,6,0,,5,1,0,0,257|258|259|260|261
2:55-2:56,175,176,3,3,0,0,0,3,0,,3,0,0,0,262|263|264
2:56-2:57,176,177,6,8,0,0,0,8,0,,8,0,0,0,265|266|267|268|269|270
2:57-2:58,177,178,5,6,0,0,0,6,0,,6,0,0,0,271|272|273|274|275
2:58-2:59,178,179,2,2,0,0,0,2,0,,2,0,0,0,276|277
2:59-3:00,179,180,4,4,0,0,0,4,1,0.9841,4,0,0,0,278|279|280|281
3:00-3:01,180,181,5,6,0,0,0,6,0,,6,0,0,0,282|283|284|285|286
3:01-3:02,181,182,8,8,0,0,0,8,1,0.9899,8,0,0,0,287|288|289|290|291|292|293|294
3:02-3:03,182,183,2,2,0,0,0,2,0,,2,0,0,0,295|296
3:03-3:04,183,184,0,0,0,0,0,0,0,,0,0,0,0,
3:04-3:05,184,185,0,0,0,0,0,0,0,,0,0,0,0,
3:05-3:06,185,186,3,3,0,0,0,3,0,,3,0,0,0,297|298|299
3:06-3:07,186,187,3,3,0,0,0,3,2,0.9831,3,0,0,0,300|301|302
3:07-3:08,187,188,5,5,0,0,0,5,1,0.9968,5,0,0,0,303|304|305|306|307
3:08-3:09,188,189,4,3,1,0,0,4,1,0.9878,3,1,0,0,308|309|310|311
3:09-3:10,189,190,6,9,0,0,0,9,0,,9,0,0,0,312|313|314|315|316|317
3:10-3:11,190,191,6,6,0,0,0,6,0,,6,0,0,0,318|319|320|321|322|323
3:11-3:12,191,192,2,2,0,0,0,2,0,,2,0,0,0,324|325
3:12-3:13,192,193,3,3,1,0,0,4,0,,3,1,0,0,326|327|328
3:13-3:14,193,194,2,2,0,0,0,2,0,,2,0,0,0,329|330
3:14-3:15,194,195,2,1,1,0,0,2,1,0.609,1,1,0,0,331|332
3:15-3:16,195,196,0,0,0,0,0,0,0,,0,0,0,0,
3:16-3:17,196,197,0,0,0,0,0,0,0,,0,0,0,0,
3:17-3:18,197,198,0,0,0,0,0,0,0,,0,0,0,0,
3:18-3:19,198,199,5,5,0,0,0,5,0,,5,0,0,0,333|334|335|336|337
3:19-3:20,199,200,2,1,1,0,0,2,1,0.9496,1,1,0,0,338|339
3:20-3:21,200,201,0,0,0,0,0,0,0,,0,0,0,0,
3:21-3:22,201,202,7,5,2,0,0,7,0,,5,2,0,0,340|341|342|343|344|345|346
3:22-3:23,202,203,3,3,0,0,0,3,2,0.7802,3,0,0,0,347|348|349
3:23-3:24,203,204,6,6,0,0,0,6,0,,6,0,0,0,350|351|352|353|354|355
3:24-3:25,204,205,1,1,0,0,0,1,0,,1,0,0,0,356
3:25-3:26,205,206,0,0,0,0,0,0,0,,0,0,0,0,
3:26-3:27,206,207,6,6,1,0,0,7,0,,6,1,0,0,357|358|359|360|361|362
3:27-3:28,207,208,5,5,0,0,0,5,2,0.9135,5,0,0,0,363|364|365|366|367
3:28-3:29,208,209,6,6,0,0,0,6,0,,6,0,0,0,368|369|370|371|372|373
3:29-3:30,209,210,7,6,2,0,1,9,1,0.7599,7,2,0,1,374|375|376|377|378|379|380
3:30-3:31,210,211,1,1,1,0,0,2,0,,1,1,0,0,381
3:31-3:32,211,212,4,4,0,0,0,4,1,0.986,4,0,0,0,382|383|384|385
3:32-3:33,212,213,3,3,0,0,0,3,1,0.9943,3,0,0,0,386|387|388
3:33-3:34,213,214,2,2,0,0,0,2,1,0.9884,2,0,0,0,389|390
3:34-3:35,214,215,1,1,0,0,0,1,0,,1,0,0,0,391
3:35-3:36,215,216,3,3,0,0,0,3,0,,3,0,0,0,392|393|394
3:36-3:37,216,217,7,8,0,0,0,8,0,,8,0,0,0,395|396|397|398|399|400|401
3:37-3:38,217,218,3,3,0,0,0,3,0,,3,0,0,0,402|403|404
3:38-3:39,218,219,5,4,1,0,0,5,1,0.966,4,1,0,0,405|406|407|408|409
3:39-3:40,219,220,2,1,1,0,0,2,0,,1,1,0,0,410|411
3:40-3:41,220,221,1,1,0,0,0,1,0,,1,0,0,0,412
3:41-3:42,221,222,1,1,0,0,0,1,0,,1,0,0,0,413
3:42-3:43,222,223,0,0,0,0,0,0,0,,0,0,0,0,
3:43-3:44,223,224,1,2,0,0,0,2,0,,2,0,0,0,414
3:44-3:45,224,225,4,4,0,0,0,4,1,0.9813,4,0,0,0,415|416|417|418
3:45-3:46,225,226,2,1,1,0,0,2,0,,1,1,0,0,419|420
3:46-3:47,226,227,4,2,2,0,0,4,1,0.9453,2,2,0,0,421|422|423|424
3:47-3:48,227,228,0,0,0,0,0,0,0,,0,0,0,0,
3:48-3:49,228,229,0,0,0,0,0,0,0,,0,0,0,0,
3:49-3:50,229,230,0,0,0,0,0,0,0,,0,0,0,0,
3:50-3:51,230,231,0,0,0,0,0,0,0,,0,0,0,0,
3:51-3:52,231,232,0,0,0,0,0,0,0,,0,0,0,0,
3:52-3:53,232,233,0,0,0,0,0,0,0,,0,0,0,0,
3:53-3:54,233,234,0,0,0,0,0,0,0,,0,0,0,0,
3:54-3:55,234,235,0,0,0,0,0,0,0,,0,0,0,0,
3:55-3:56,235,236,0,0,0,0,0,0,0,,0,0,0,0,
3:56-3:57,236,237,0,0,0,0,0,0,0,,0,0,0,0,
3:57-3:58,237,238,0,0,0,0,0,0,0,,0,0,0,0,
3:58-3:59,238,239,0,0,0,0,0,0,0,,0,0,0,0,
3:59-4:00,239,240,4,5,0,0,0,5,1,0.6863,5,0,0,0,425|426|427|428
4:00-4:01,240,241,7,9,0,0,0,9,0,,9,0,0,0,429|430|431|432|433|434|435
4:01-4:02,241,242,8,8,0,0,0,8,2,0.9916,8,0,0,0,436|437|438|439|440|441|442|443
4:02-4:03,242,243,2,2,0,0,0,2,0,,2,0,0,0,444|445
4:03-4:04,243,244,8,8,1,0,0,9,0,,8,1,0,0,446|447|448|449|450|451|452|453
4:04-4:05,244,245,0,0,0,0,0,0,0,,0,0,0,0,
4:05-4:06,245,246,7,8,2,0,0,10,1,0.8938,8,2,0,0,454|455|456|457|458|459|460
4:06-4:07,246,247,14,13,3,0,0,16,3,0.8566,13,3,0,0,461|462|463|464|465|466|467|468|469|470|471|472|473|474
4:07-4:08,247,248,14,15,1,0,0,16,2,0.9685,15,1,0,0,475|476|477|478|479|480|481|482|483|484|485|486|487|488
4:08-4:09,248,249,6,6,0,0,0,6,0,,6,0,0,0,489|490|491|492|493|494
4:09-4:10,249,250,3,3,0,0,0,3,0,,3,0,0,0,495|496|497
4:10-4:11,250,251,6,6,0,0,0,6,1,0.8502,6,0,0,0,498|499|500|501|502|503
4:11-4:12,251,252,1,1,0,0,0,1,0,,1,0,0,0,504
4:12-4:13,252,253,0,0,0,0,0,0,0,,0,0,0,0,
4:13-4:14,253,254,0,0,0,0,0,0,0,,0,0,0,0,
4:14-4:15,254,255,0,0,0,0,0,0,0,,0,0,0,0,
4:15-4:16,255,256,2,1,1,0,0,2,0,,1,1,0,0,505|506
4:16-4:17,256,257,4,4,1,0,0,5,0,,4,1,0,0,507|508|509|510
4:17-4:18,257,258,5,6,0,0,0,6,0,,6,0,0,0,511|512|513|514|515
4:18-4:19,258,259,3,3,0,0,0,3,0,,3,0,0,0,516|517|518
4:19-4:20,259,260,2,4,0,0,0,4,0,,4,0,0,0,519|520
4:20-4:21,260,261,7,7,0,0,0,7,3,0.9807,7,0,0,0,521|522|523|524|525|526|527
4:21-4:22,261,262,12,13,0,0,0,13,2,0.9589,13,0,0,0,528|529|530|531|532|533|534|535|536|537|538|539
4:22-4:23,262,263,8,10,0,0,0,10,1,0.9824,10,0,0,0,540|541|542|543|544|545|546|547
4:23-4:24,263,264,0,0,0,0,0,0,0,,0,0,0,0,
4:24-4:25,264,265,8,10,0,0,0,10,1,0.6705,10,0,0,0,548|549|550|551|552|553|554|555
4:25-4:26,265,266,0,0,0,0,0,0,0,,0,0,0,0,
4:26-4:27,266,267,0,0,0,0,0,0,0,,0,0,0,0,
4:27-4:28,267,268,0,0,0,0,0,0,0,,0,0,0,0,
4:28-4:29,268,269,0,0,0,0,0,0,0,,0,0,0,0,
4:29-4:30,269,270,0,0,0,0,0,0,0,,0,0,0,0,
4:30-4:31,270,271,1,1,0,0,0,1,0,,1,0,0,0,556
4:31-4:32,271,272,4,4,0,0,0,4,0,,4,0,0,0,557|558|559|560
4:32-4:33,272,273,2,2,0,0,0,2,1,0.9983,2,0,0,0,561|562
4:33-4:34,273,274,2,2,0,0,0,2,0,,2,0,0,0,563|564
4:34-4:35,274,275,3,3,0,0,0,3,0,,3,0,0,0,565|566|567
4:35-4:36,275,276,0,0,0,0,0,0,0,,0,0,0,0,
4:36-4:37,276,277,1,1,0,0,0,1,0,,1,0,0,0,568
4:37-4:38,277,278,4,4,0,0,0,4,0,,4,0,0,0,569|570|571|572
4:38-4:39,278,279,1,1,0,0,0,1,0,,1,0,0,0,573
4:39-4:40,279,280,4,4,0,0,0,4,1,0.9915,4,0,0,0,574|575|576|577
4:40-4:41,280,281,2,2,0,0,0,2,0,,2,0,0,0,578|579
4:41-4:42,281,282,6,5,1,0,0,6,0,,5,1,0,0,580|581|582|583|584|585
4:42-4:43,282,283,2,2,0,0,0,2,0,,2,0,0,0,586|587
4:43-4:44,283,284,1,1,0,0,0,1,0,,1,0,0,0,588
4:44-4:45,284,285,7,7,0,0,0,7,0,,7,0,0,0,589|590|591|592|593|594|595
4:45-4:46,285,286,4,5,0,0,0,5,2,0.9922,5,0,0,0,596|597|598|599
4:46-4:47,286,287,3,3,0,0,0,3,0,,3,0,0,0,600|601|602
4:47-4:48,287,288,3,4,0,0,0,4,0,,4,0,0,0,603|604|605
4:48-4:49,288,289,5,4,1,0,0,5,0,,4,1,0,0,606|607|608|609|610
4:49-4:50,289,290,5,7,0,0,0,7,0,,7,0,0,0,611|612|613|614|615
4:50-4:51,290,291,0,0,0,0,0,0,0,,0,0,0,0,
4:51-4:52,291,292,1,1,0,0,0,1,0,,1,0,0,0,616
4:52-4:53,292,293,6,6,0,0,0,6,2,0.9906,6,0,0,0,617|618|619|620|621|622
4:53-4:54,293,294,0,0,0,0,0,0,0,,0,0,0,0,
4:54-4:55,294,295,0,0,0,0,0,0,0,,0,0,0,0,
4:55-4:56,295,296,0,0,0,0,0,0,0,,0,0,0,0,
4:56-4:57,296,297,0,0,0,0,0,0,0,,0,0,0,0,
4:57-4:58,297,298,0,0,0,0,0,0,0,,0,0,0,0,
4:58-4:59,298,299,0,0,0,0,0,0,0,,0,0,0,0,
4:59-5:00,299,300,5,4,1,0,0,5,0,,4,1,0,0,623|624|625|626|627
5:00-5:01,300,301,2,2,1,0,0,3,1,0.6722,2,1,0,0,628|629
5:01-5:02,301,302,1,1,0,0,0,1,0,,1,0,0,0,630
5:02-5:03,302,303,4,5,0,0,0,5,0,,5,0,0,0,631|632|633|634
5:03-5:04,303,304,3,4,0,0,0,4,2,0.9384,4,0,0,0,635|636|637
5:04-5:05,304,305,3,3,0,0,0,3,0,,3,0,0,0,638|639|640
5:05-5:06,305,306,2,2,0,0,0,2,0,,2,0,0,0,641|642
5:06-5:07,306,307,4,4,0,0,0,4,0,,4,0,0,0,643|644|645|646
5:07-5:08,307,308,2,2,0,0,0,2,0,,2,0,0,0,647|648
5:08-5:09,308,309,3,3,0,0,0,3,0,,3,0,0,0,649|650|651
5:09-5:10,309,310,5,5,1,0,0,6,0,,5,1,0,0,652|653|654|655|656
5:10-5:11,310,311,3,3,0,0,0,3,0,,3,0,0,0,657|658|659
5:11-5:12,311,312,1,1,0,0,0,1,0,,1,0,0,0,660
5:12-5:13,312,313,1,1,0,0,0,1,0,,1,0,0,0,661
5:13-5:14,313,314,2,2,0,0,0,2,0,,2,0,0,0,662|663
5:14-5:15,314,315,0,0,0,0,0,0,0,,0,0,0,0,
5:15-5:16,315,316,0,0,0,0,0,0,0,,0,0,0,0,
5:16-5:17,316,317,0,0,0,0,0,0,0,,0,0,0,0,
5:17-5:18,317,318,0,0,0,0,0,0,0,,0,0,0,0,
5:18-5:19,318,319,0,0,0,0,0,0,0,,0,0,0,0,
5:19-5:20,319,320,0,0,0,0,0,0,0,,0,0,0,0,
5:20-5:21,320,321,0,0,0,0,0,0,0,,0,0,0,0,
5:21-5:22,321,322,0,0,0,0,0,0,0,,0,0,0,0,
5:22-5:23,322,323,0,0,0,0,0,0,0,,0,0,0,0,
5:23-5:24,323,324,0,0,0,0,0,0,0,,0,0,0,0,
5:24-5:25,324,325,0,0,0,0,0,0,0,,0,0,0,0,
5:25-5:26,325,326,0,0,0,0,0,0,0,,0,0,0,0,
5:26-5:27,326,327,4,5,1,0,0,6,0,,5,1,0,0,664|665|666|667
5:27-5:28,327,328,3,3,0,0,0,3,2,0.9863,3,0,0,0,668|669|670
5:28-5:29,328,329,0,0,0,0,0,0,0,,0,0,0,0,
5:29-5:30,329,330,5,5,0,0,0,5,0,,5,0,0,0,671|672|673|674|675
5:30-5:31,330,331,3,3,0,0,0,3,0,,3,0,0,0,676|677|678
5:31-5:32,331,332,0,0,0,0,0,0,0,,0,0,0,0,
5:32-5:33,332,333,0,0,0,0,0,0,0,,0,0,0,0,
5:33-5:34,333,334,0,0,0,0,0,0,0,,0,0,0,0,
5:34-5:35,334,335,0,0,0,0,0,0,0,,0,0,0,0,
5:35-5:36,335,336,0,0,0,0,0,0,0,,0,0,0,0,
5:36-5:37,336,337,0,0,0,0,0,0,0,,0,0,0,0,
5:37-5:38,337,338,0,0,0,0,0,0,0,,0,0,0,0,
5:38-5:39,338,339,0,0,0,0,0,0,0,,0,0,0,0,
5:39-5:40,339,340,0,0,0,0,0,0,0,,0,0,0,0,
5:40-5:41,340,341,0,0,0,0,0,0,0,,0,0,0,0,
5:41-5:42,341,342,0,0,0,0,0,0,0,,0,0,0,0,
5:42-5:43,342,343,0,0,0,0,0,0,0,,0,0,0,0,
5:43-5:44,343,344,2,2,0,0,0,2,1,0.9575,2,0,0,0,679|680
5:44-5:45,344,345,3,2,2,0,0,4,1,0.7019,2,2,0,0,681|682|683
5:45-5:46,345,346,2,2,0,0,0,2,0,,2,0,0,0,684|685
5:46-5:47,346,347,0,0,0,0,0,0,0,,0,0,0,0,
5:47-5:48,347,348,0,0,0,0,0,0,0,,0,0,0,0,
5:48-5:49,348,349,0,0,0,0,0,0,0,,0,0,0,0,
5:49-5:50,349,350,0,0,0,0,0,0,0,,0,0,0,0,
5:50-5:51,350,351,0,0,0,0,0,0,0,,0,0,0,0,
5:51-5:52,351,352,0,0,0,0,0,0,0,,0,0,0,0,
5:52-5:53,352,353,1,1,0,0,0,1,0,,1,0,0,0,686
5:53-5:54,353,354,5,4,2,0,0,6,0,,4,2,0,0,687|688|689|690|691
5:54-5:55,354,355,3,3,0,0,0,3,1,0.9567,3,0,0,0,692|693|694
5:55-5:56,355,356,1,1,0,0,0,1,0,,1,0,0,0,695
5:56-5:57,356,357,0,0,0,0,0,0,0,,0,0,0,0,
5:57-5:58,357,358,10,10,1,0,0,11,1,0.9496,10,1,0,0,696|697|698|699|700|701|702|703|704|705
5:58-5:59,358,359,1,1,0,0,0,1,0,,1,0,0,0,706
5:59-6:00,359,360,0,0,0,0,0,0,0,,0,0,0,0,
6:00-6:01,360,361,0,0,0,0,0,0,0,,0,0,0,0,
6:01-6:02,361,362,0,0,0,0,0,0,0,,0,0,0,0,
6:02-6:03,362,363,0,0,0,0,0,0,0,,0,0,0,0,
6:03-6:04,363,364,1,0,1,0,0,1,0,,0,1,0,0,707
6:04-6:05,364,365,1,1,0,0,0,1,0,,1,0,0,0,708
6:05-6:06,365,366,1,0,1,0,0,1,1,0.5066,0,1,0,0,709
6:06-6:07,366,367,2,1,1,0,0,2,1,0.7061,1,1,0,0,710|711
6:07-6:08,367,368,1,1,0,0,0,1,0,,1,0,0,0,712
6:08-6:09,368,369,4,4,0,0,0,4,0,,4,0,0,0,713|714|715|716
6:09-6:10,369,370,2,2,0,0,0,2,0,,2,0,0,0,717|718
6:10-6:11,370,371,2,2,0,0,0,2,1,0.7338,2,0,0,0,719|720
6:11-6:12,371,372,2,1,1,0,0,2,0,,1,1,0,0,721|722
6:12-6:13,372,373,0,0,0,0,0,0,0,,0,0,0,0,
6:13-6:14,373,374,0,0,0,0,0,0,0,,0,0,0,0,
6:14-6:15,374,375,0,0,0,0,0,0,0,,0,0,0,0,
6:15-6:16,375,376,0,0,0,0,0,0,0,,0,0,0,0,
6:16-6:17,376,377,0,0,0,0,0,0,0,,0,0,0,0,
6:17-6:18,377,378,0,0,0,0,0,0,0,,0,0,0,0,
6:18-6:19,378,379,0,0,0,0,0,0,0,,0,0,0,0,
6:19-6:20,379,380,0,0,0,0,0,0,0,,0,0,0,0,
6:20-6:21,380,381,0,0,0,0,0,0,0,,0,0,0,0,
6:21-6:22,381,382,0,0,0,0,0,0,0,,0,0,0,0,
6:22-6:23,382,383,0,0,0,0,0,0,0,,0,0,0,0,
6:23-6:24,383,384,0,0,0,0,0,0,0,,0,0,0,0,
6:24-6:25,384,385,0,0,0,0,0,0,0,,0,0,0,0,
6:25-6:26,385,386,0,0,0,0,0,0,0,,0,0,0,0,
6:26-6:27,386,387,0,0,0,0,0,0,0,,0,0,0,0,
6:27-6:28,387,388,0,0,0,0,0,0,0,,0,0,0,0,
6:28-6:29,388,389,0,0,0,0,0,0,0,,0,0,0,0,
6:29-6:30,389,390,1,1,0,0,0,1,0,,1,0,0,0,723
6:30-6:31,390,391,3,2,1,0,0,3,2,0.8734,2,1,0,0,724|725|726
6:31-6:32,391,392,0,0,0,0,0,0,0,,0,0,0,0,
6:32-6:33,392,393,0,0,0,0,0,0,0,,0,0,0,0,
6:33-6:34,393,394,1,1,0,0,0,1,0,,1,0,0,0,727
6:34-6:35,394,395,6,5,3,0,0,8,1,0.6572,5,3,0,0,728|729|730|731|732|733
6:35-6:36,395,396,2,2,0,0,0,2,0,,2,0,0,0,734|735
6:36-6:37,396,397,2,2,0,0,0,2,2,0.9791,2,0,0,0,736|737
6:37-6:38,397,398,1,1,0,0,0,1,1,0.9938,1,0,0,0,738
6:38-6:39,398,399,1,1,0,0,0,1,0,,1,0,0,0,739
6:39-6:40,399,400,1,1,0,0,0,1,0,,1,0,0,0,740
6:40-6:41,400,401,0,0,0,0,0,0,0,,0,0,0,0,
6:41-6:42,401,402,0,0,0,0,0,0,0,,0,0,0,0,
6:42-6:43,402,403,0,0,0,0,0,0,0,,0,0,0,0,
6:43-6:44,403,404,0,0,0,0,0,0,0,,0,0,0,0,
6:44-6:45,404,405,0,0,0,0,0,0,0,,0,0,0,0,
6:45-6:46,405,406,1,1,0,0,0,1,0,,1,0,0,0,741
6:46-6:47,406,407,2,2,0,0,0,2,0,,2,0,0,0,742|743
6:47-6:48,407,408,4,4,0,0,0,4,1,0.9856,4,0,0,0,744|745|746|747
6:48-6:49,408,409,0,0,0,0,0,0,0,,0,0,0,0,
6:49-6:50,409,410,2,1,1,0,0,2,0,,1,1,0,0,748|749
6:50-6:51,410,411,3,2,1,0,0,3,0,,2,1,0,0,750|751|752
6:51-6:52,411,412,0,0,0,0,0,0,0,,0,0,0,0,
6:52-6:53,412,413,2,2,0,0,0,2,1,0.5475,2,0,0,0,753|754
6:53-6:54,413,414,0,0,0,0,0,0,0,,0,0,0,0,
6:54-6:55,414,415,0,0,0,0,0,0,0,,0,0,0,0,
6:55-6:56,415,416,3,2,1,0,0,3,1,0.5318,2,1,0,0,755|756|757
6:56-6:57,416,417,4,3,1,0,0,4,2,0.7673,3,1,0,0,758|759|760|761
6:57-6:58,417,418,4,2,2,0,0,4,0,,2,2,0,0,762|763|764|765
6:58-6:59,418,419,2,1,1,0,0,2,1,0.7232,1,1,0,0,766|767
6:59-7:00,419,420,1,1,0,0,0,1,0,,1,0,0,0,768
7:00-7:01,420,421,4,4,0,0,0,4,0,,4,0,0,0,769|770|771|772
7:01-7:02,421,422,0,0,0,0,0,0,0,,0,0,0,0,
7:02-7:03,422,423,3,4,0,0,0,4,1,0.9566,4,0,0,0,773|774|775
7:03-7:04,423,424,5,2,3,0,0,5,1,0.7399,2,3,0,0,776|777|778|779|780
7:04-7:05,424,425,3,2,1,0,0,3,1,0.5497,2,1,0,0,781|782|783
7:05-7:06,425,426,0,0,0,0,0,0,0,,0,0,0,0,
7:06-7:07,426,427,2,2,0,0,0,2,0,,2,0,0,0,784|785
7:07-7:08,427,428,2,1,1,0,0,2,1,0.5074,1,1,0,0,786|787
7:08-7:09,428,429,4,3,1,0,0,4,0,,3,1,0,0,788|789|790|791
7:09-7:10,429,430,2,2,0,0,0,2,0,,2,0,0,0,792|793
7:10-7:11,430,431,2,1,1,0,0,2,0,,1,1,0,0,794|795
7:11-7:12,431,432,2,2,0,0,0,2,0,,2,0,0,0,796|797
7:12-7:13,432,433,3,2,2,0,0,4,0,,2,2,0,0,798|799|800
7:13-7:14,433,434,1,1,0,0,0,1,0,,1,0,0,0,801
7:14-7:15,434,435,5,2,3,0,0,5,1,0.5464,2,3,0,0,802|803|804|805|806
7:15-7:16,435,436,0,0,0,0,0,0,0,,0,0,0,0,
7:16-7:17,436,437,0,0,0,0,0,0,0,,0,0,0,0,
7:17-7:18,437,438,0,0,0,0,0,0,0,,0,0,0,0,
7:18-7:19,438,439,0,0,0,0,0,0,0,,0,0,0,0,
7:19-7:20,439,440,0,0,0,0,0,0,0,,0,0,0,0,
7:20-7:21,440,441,0,0,0,0,0,0,0,,0,0,0,0,
7:21-7:22,441,442,0,0,0,0,0,0,0,,0,0,0,0,
7:22-7:23,442,443,0,0,0,0,0,0,0,,0,0,0,0,
7:23-7:24,443,444,2,0,2,0,0,2,0,,0,2,0,0,807|808
7:24-7:25,444,445,0,0,0,0,0,0,0,,0,0,0,0,
7:25-7:26,445,446,1,0,1,0,0,1,0,,0,1,0,0,809
7:26-7:27,446,447,1,1,0,0,0,1,0,,1,0,0,0,810
7:27-7:28,447,448,1,1,0,0,0,1,0,,1,0,0,0,811
7:28-7:29,448,449,2,1,1,0,0,2,1,0.9808,1,1,0,0,812|813
7:29-7:30,449,450,3,1,2,0,0,3,1,0.8493,1,2,0,0,814|815|816
7:30-7:31,450,451,2,1,1,0,0,2,0,,1,1,0,0,817|818
7:31-7:32,451,452,0,0,0,0,0,0,0,,0,0,0,0,
7:32-7:33,452,453,1,0,1,0,0,1,0,,0,1,0,0,819
7:33-7:34,453,454,2,2,0,0,0,2,0,,2,0,0,0,820|821
7:34-7:35,454,455,1,1,0,0,0,1,0,,1,0,0,0,822
7:35-7:36,455,456,0,0,0,0,0,0,0,,0,0,0,0,
7:36-7:37,456,457,1,1,0,0,0,1,0,,1,0,0,0,823
7:37-7:38,457,458,2,1,1,0,0,2,0,,1,1,0,0,824|825
7:38-7:39,458,459,0,0,0,0,0,0,0,,0,0,0,0,
7:39-7:40,459,460,3,1,2,0,0,3,1,0.7839,1,2,0,0,826|827|828
7:40-7:41,460,461,1,1,0,0,0,1,0,,1,0,0,0,829
7:41-7:42,461,462,1,0,1,0,0,1,0,,0,1,0,0,830
7:42-7:43,462,463,1,1,0,0,0,1,0,,1,0,0,0,831
7:43-7:44,463,464,4,5,0,0,0,5,0,,5,0,0,0,832|833|834|835
7:44-7:45,464,465,0,0,0,0,0,0,0,,0,0,0,0,
7:45-7:46,465,466,0,0,0,0,0,0,0,,0,0,0,0,
7:46-7:47,466,467,0,0,0,0,0,0,0,,0,0,0,0,
7:47-7:48,467,468,1,1,0,0,0,1,0,,1,0,0,0,836
7:48-7:49,468,469,16,19,0,0,0,19,7,0.9309,19,0,0,0,837|838|839|840|841|842|843|844|845|846|847|848|849|850|851|852
7:49-7:50,469,470,12,13,0,0,0,13,3,0.751,13,0,0,0,853|854|855|856|857|858|859|860|861|862|863|864
7:50-7:51,470,471,2,2,0,0,0,2,0,,2,0,0,0,865|866
7:51-7:52,471,472,0,0,0,0,0,0,0,,0,0,0,0,
7:52-7:53,472,473,0,0,0,0,0,0,0,,0,0,0,0,
7:53-7:54,473,474,0,0,0,0,0,0,0,,0,0,0,0,
7:54-7:55,474,475,0,0,0,0,0,0,0,,0,0,0,0,
7:55-7:56,475,476,0,0,0,0,0,0,0,,0,0,0,0,
7:56-7:57,476,477,0,0,0,0,0,0,0,,0,0,0,0,
7:57-7:58,477,478,0,0,0,0,0,0,0,,0,0,0,0,
7:58-7:59,478,479,0,0,0,0,0,0,0,,0,0,0,0,
7:59-8:00,479,480,5,5,0,0,0,5,3,0.7719,5,0,0,0,867|868|869|870|871
8:00-8:01,480,481,5,5,2,0,0,7,1,0.7718,5,2,0,0,872|873|874|875|876
8:01-8:02,481,482,3,3,0,0,0,3,2,0.7612,3,0,0,0,877|878|879
8:02-8:03,482,483,2,2,0,0,0,2,2,0.5781,2,0,0,0,880|881
8:03-8:04,483,484,8,4,5,0,0,9,1,0.5549,4,5,0,0,882|883|884|885|886|887|888|889
8:04-8:05,484,485,6,2,4,0,0,6,2,0.6753,2,4,0,0,890|891|892|893|894|895
8:05-8:06,485,486,3,3,0,0,0,3,1,0.796,3,0,0,0,896|897|898
8:06-8:07,486,487,5,3,2,0,0,5,0,,3,2,0,0,899|900|901|902|903
8:07-8:08,487,488,1,0,1,0,0,1,0,,0,1,0,0,904
8:08-8:09,488,489,1,1,0,0,0,1,0,,1,0,0,0,905
8:09-8:10,489,490,6,3,4,0,0,7,3,0.7505,3,4,0,0,906|907|908|909|910|911
8:10-8:11,490,491,4,3,3,0,0,6,2,0.6775,3,3,0,0,912|913|914|915
8:11-8:12,491,492,0,0,0,0,0,0,0,,0,0,0,0,
8:12-8:13,492,493,0,0,0,0,0,0,0,,0,0,0,0,
8:13-8:14,493,494,6,3,3,0,0,6,1,0.9817,3,3,0,0,916|917|918|919|920|921
8:14-8:15,494,495,3,2,2,0,0,4,0,,2,2,0,0,922|923|924
8:15-8:16,495,496,6,3,4,0,0,7,0,,3,4,0,0,925|926|927|928|929|930
8:16-8:17,496,497,3,3,0,0,0,3,2,0.5453,3,0,0,0,931|932|933
8:17-8:18,497,498,3,3,0,0,0,3,1,0.7691,3,0,0,0,934|935|936
8:18-8:19,498,499,2,0,2,0,0,2,0,,0,2,0,0,937|938
8:19-8:20,499,500,0,0,0,0,0,0,0,,0,0,0,0,
8:20-8:21,500,501,0,0,0,0,0,0,0,,0,0,0,0,
8:21-8:22,501,502,0,0,0,0,0,0,0,,0,0,0,0,
8:22-8:23,502,503,2,2,0,0,0,2,0,,2,0,0,0,939|940
8:23-8:24,503,504,0,0,0,0,0,0,0,,0,0,0,0,
8:24-8:25,504,505,4,4,0,0,0,4,0,,4,0,0,0,941|942|943|944
8:25-8:26,505,506,1,1,0,0,0,1,1,0.9623,1,0,0,0,945
8:26-8:27,506,507,0,0,0,0,0,0,0,,0,0,0,0,
8:27-8:28,507,508,0,0,0,0,0,0,0,,0,0,0,0,
8:28-8:29,508,509,0,0,0,0,0,0,0,,0,0,0,0,
8:29-8:30,509,510,0,0,0,0,0,0,0,,0,0,0,0,
8:30-8:31,510,511,0,0,0,0,0,0,0,,0,0,0,0,
8:31-8:32,511,512,0,0,0,0,0,0,0,,0,0,0,0,
8:32-8:33,512,513,0,0,0,0,0,0,0,,0,0,0,0,
8:33-8:34,513,514,0,0,0,0,0,0,0,,0,0,0,0,
8:34-8:35,514,515,0,0,0,0,0,0,0,,0,0,0,0,
8:35-8:36,515,516,0,0,0,0,0,0,0,,0,0,0,0,
8:36-8:37,516,517,0,0,0,0,0,0,0,,0,0,0,0,
8:37-8:38,517,518,0,0,0,0,0,0,0,,0,0,0,0,
8:38-8:39,518,519,0,0,0,0,0,0,0,,0,0,0,0,
8:39-8:40,519,520,0,0,0,0,0,0,0,,0,0,0,0,
8:40-8:41,520,521,0,0,0,0,0,0,0,,0,0,0,0,
8:41-8:42,521,522,0,0,0,0,0,0,0,,0,0,0,0,
8:42-8:43,522,523,4,3,0,1,0,4,1,0.9327,3,0,1,0,946|947|948|949
8:43-8:44,523,524,1,1,0,0,0,1,1,0.9627,1,0,0,0,950
8:44-8:45,524,525,0,0,0,0,0,0,0,,0,0,0,0,
8:45-8:46,525,526,1,1,0,0,0,1,0,,1,0,0,0,951
8:46-8:47,526,527,5,2,3,0,0,5,0,,2,3,0,0,952|953|954|955|956
8:47-8:48,527,528,1,1,0,0,0,1,0,,1,0,0,0,957
8:48-8:49,528,529,4,2,2,0,0,4,1,0.9762,2,2,0,0,958|959|960|961
8:49-8:50,529,530,2,1,1,0,0,2,0,,1,1,0,0,962|963
8:50-8:51,530,531,4,3,1,0,0,4,1,0.9543,3,1,0,0,964|965|966|967
8:51-8:52,531,532,6,5,2,0,0,7,2,0.5392,5,2,0,0,968|969|970|971|972|973
8:52-8:53,532,533,4,4,1,0,0,5,0,,4,1,0,0,974|975|976|977
8:53-8:54,533,534,3,3,0,0,0,3,1,0.9699,3,0,0,0,978|979|980
8:54-8:55,534,535,4,2,2,0,0,4,0,,2,2,0,0,981|982|983|984
8:55-8:56,535,536,2,1,1,0,0,2,0,,1,1,0,0,985|986
8:56-8:57,536,537,3,3,1,0,0,4,1,0.5953,3,1,0,0,987|988|989
8:57-8:58,537,538,1,1,0,0,0,1,0,,1,0,0,0,990
8:58-8:59,538,539,1,1,0,0,0,1,1,0.9644,1,0,0,0,991
8:59-9:00,539,540,7,3,4,0,0,7,2,0.8015,3,4,0,0,992|993|994|995|996|997|998
9:00-9:01,540,541,3,3,0,0,0,3,0,,3,0,0,0,999|1000|1001
9:01-9:02,541,542,3,2,1,0,0,3,1,0.9881,2,1,0,0,1002|1003|1004
9:02-9:03,542,543,2,2,0,0,0,2,0,,2,0,0,0,1005|1006
9:03-9:04,543,544,3,1,2,0,0,3,2,0.8377,1,2,0,0,1007|1008|1009
9:04-9:05,544,545,2,1,1,0,0,2,0,,1,1,0,0,1010|1011
9:05-9:06,545,546,0,0,0,0,0,0,0,,0,0,0,0,
9:06-9:07,546,547,1,0,1,0,0,1,0,,0,1,0,0,1012
9:07-9:08,547,548,0,0,0,0,0,0,0,,0,0,0,0,
9:08-9:09,548,549,1,1,0,0,0,1,1,0.9339,1,0,0,0,1013
9:09-9:10,549,550,3,6,1,0,0,7,1,0.6991,6,1,0,0,1014|1015|1016
9:10-9:11,550,551,3,2,1,0,0,3,1,0.5955,2,1,0,0,1017|1018|1019
9:11-9:12,551,552,0,0,0,0,0,0,0,,0,0,0,0,
9:12-9:13,552,553,13,12,5,0,0,17,2,0.7313,12,5,0,0,1020|1021|1022|1023|1024|1025|1026|1027|1028|1029|1030|1031|1032
9:13-9:14,553,554,16,14,4,0,0,18,5,0.7669,14,4,0,0,1033|1034|1035|1036|1037|1038|1039|1040|1041|1042|1043|1044|1045|1046|1047|1048
9:14-9:15,554,555,5,4,1,0,0,5,3,0.7158,4,1,0,0,1049|1050|1051|1052|1053
9:15-9:16,555,556,2,3,0,0,0,3,1,0.756,3,0,0,0,1054|1055
9:16-9:17,556,557,0,0,0,0,0,0,0,,0,0,0,0,
9:17-9:18,557,558,14,12,4,0,0,16,8,0.8294,12,4,0,0,1056|1057|1058|1059|1060|1061|1062|1063|1064|1065|1066|1067|1068|1069
9:18-9:19,558,559,6,6,0,0,0,6,1,0.9836,6,0,0,0,1070|1071|1072|1073|1074|1075
9:19-9:20,559,560,14,14,1,0,0,15,3,0.5723,14,1,0,0,1076|1077|1078|1079|1080|1081|1082|1083|1084|1085|1086|1087|1088|1089
9:20-9:21,560,561,9,6,3,0,0,9,4,0.8212,6,3,0,0,1090|1091|1092|1093|1094|1095|1096|1097|1098
9:21-9:22,561,562,4,3,1,0,0,4,1,0.9796,3,1,0,0,1099|1100|1101|1102
9:22-9:23,562,563,6,5,1,0,0,6,0,,5,1,0,0,1103|1104|1105|1106|1107|1108
9:23-9:24,563,564,1,1,0,0,0,1,0,,1,0,0,0,1109
9:24-9:25,564,565,3,3,0,0,0,3,1,0.9661,3,0,0,0,1110|1111|1112
9:25-9:26,565,566,0,0,0,0,0,0,0,,0,0,0,0,
9:26-9:27,566,567,2,3,0,0,0,3,0,,3,0,0,0,1113|1114
9:27-9:28,567,568,5,5,0,0,0,5,1,0.9747,5,0,0,0,1115|1116|1117|1118|1119
9:28-9:29,568,569,4,4,0,0,0,4,1,0.7801,4,0,0,0,1120|1121|1122|1123
9:29-9:30,569,570,4,2,2,0,0,4,1,0.9816,2,2,0,0,1124|1125|1126|1127
9:30-9:31,570,571,2,1,1,0,0,2,1,0.9936,1,1,0,0,1128|1129
9:31-9:32,571,572,2,2,0,0,0,2,0,,2,0,0,0,1130|1131
9:32-9:33,572,573,2,2,0,0,0,2,0,,2,0,0,0,1132|1133
9:33-9:34,573,574,6,5,1,0,0,6,0,,5,1,0,0,1134|1135|1136|1137|1138|1139
9:34-9:35,574,575,6,5,5,0,0,10,1,0.81,5,5,0,0,1140|1141|1142|1143|1144|1145
9:35-9:36,575,576,5,6,1,0,0,7,3,0.9082,6,1,0,0,1146|1147|1148|1149|1150
9:36-9:37,576,577,5,5,1,0,0,6,2,0.9624,5,1,0,0,1151|1152|1153|1154|1155
9:37-9:38,577,578,7,6,1,0,0,7,0,,6,1,0,0,1156|1157|1158|1159|1160|1161|1162
9:38-9:39,578,579,3,3,0,0,0,3,2,0.9955,3,0,0,0,1163|1164|1165
9:39-9:40,579,580,0,0,0,0,0,0,0,,0,0,0,0,
9:40-9:41,580,581,2,1,1,0,0,2,1,0.6606,1,1,0,0,1166|1167
9:41-9:42,581,582,4,5,0,0,0,5,1,0.9862,5,0,0,0,1168|1169|1170|1171
9:42-9:43,582,583,2,2,0,0,0,2,0,,2,0,0,0,1172|1173
9:43-9:44,583,584,1,1,0,0,0,1,0,,1,0,0,0,1174
9:44-9:45,584,585,3,4,0,0,0,4,1,0.5472,4,0,0,0,1175|1176|1177
9:45-9:46,585,586,2,2,0,0,0,2,1,0.6806,2,0,0,0,1178|1179
9:46-9:47,586,587,5,4,1,0,0,5,0,,4,1,0,0,1180|1181|1182|1183|1184
9:47-9:48,587,588,10,8,3,0,0,11,2,0.9579,8,3,0,0,1185|1186|1187|1188|1189|1190|1191|1192|1193|1194
9:48-9:49,588,589,3,2,1,0,0,3,1,0.98,2,1,0,0,1195|1196|1197
9:49-9:50,589,590,5,5,1,0,0,6,2,0.9313,5,1,0,0,1198|1199|1200|1201|1202
9:50-9:51,590,591,1,1,0,0,0,1,0,,1,0,0,0,1203
9:51-9:52,591,592,2,1,1,0,0,2,0,,1,1,0,0,1204|1205
9:52-9:53,592,593,1,1,0,0,0,1,0,,1,0,0,0,1206
9:53-9:54,593,594,0,0,0,0,0,0,0,,0,0,0,0,
9:54-9:55,594,595,0,0,0,0,0,0,0,,0,0,0,0,
9:55-9:56,595,596,0,0,0,0,0,0,0,,0,0,0,0,
9:56-9:57,596,597,0,0,0,0,0,0,0,,0,0,0,0,
9:57-9:58,597,598,1,0,1,0,0,1,0,,0,1,0,0,1207
9:58-9:59,598,599,0,0,0,0,0,0,0,,0,0,0,0,
9:59-10:00,599,600,3,3,0,0,0,3,0,,3,0,0,0,1208|1209|1210
10:00-10:01,600,601,1,1,0,0,0,1,0,,1,0,0,0,1211
10:01-10:02,601,602,0,0,0,0,0,0,0,,0,0,0,0,
10:02-10:03,602,603,1,0,1,0,0,1,0,,0,1,0,0,1212
10:03-10:04,603,604,1,1,0,0,0,1,0,,1,0,0,0,1213
10:04-10:05,604,605,1,1,0,0,0,1,0,,1,0,0,0,1214
10:05-10:06,605,606,2,2,0,0,0,2,0,,2,0,0,0,1215|1216
10:06-10:07,606,607,1,1,0,0,0,1,0,,1,0,0,0,1217
10:07-10:08,607,608,1,0,1,0,0,1,1,0.7847,0,1,0,0,1218
10:08-10:09,608,609,0,0,0,0,0,0,0,,0,0,0,0,
10:09-10:10,609,610,2,2,0,0,0,2,1,0.8116,2,0,0,0,1219|1220
10:10-10:11,610,611,0,0,0,0,0,0,0,,0,0,0,0,
10:11-10:12,611,612,3,4,0,0,0,4,0,,4,0,0,0,1221|1222|1223
10:12-10:13,612,613,2,2,0,0,0,2,0,,2,0,0,0,1224|1225
10:13-10:14,613,614,2,1,1,0,0,2,1,0.9882,1,1,0,0,1226|1227
10:14-10:15,614,615,0,0,0,0,0,0,0,,0,0,0,0,
10:15-10:16,615,616,1,1,0,0,0,1,0,,1,0,0,0,1228
10:16-10:17,616,617,8,9,0,0,0,9,1,0.9756,9,0,0,0,1229|1230|1231|1232|1233|1234|1235|1236
10:17-10:18,617,618,7,7,0,0,0,7,1,0.9841,7,0,0,0,1237|1238|1239|1240|1241|1242|1243
10:18-10:19,618,619,11,11,0,0,0,11,4,0.9179,11,0,0,0,1244|1245|1246|1247|1248|1249|1250|1251|1252|1253|1254
10:19-10:20,619,620,1,1,0,0,0,1,0,,1,0,0,0,1255
10:20-10:21,620,621,2,0,2,0,0,2,1,0.5708,0,2,0,0,1256|1257
10:21-10:22,621,622,0,0,0,0,0,0,0,,0,0,0,0,
10:22-10:23,622,623,0,0,0,0,0,0,0,,0,0,0,0,
10:23-10:24,623,624,0,0,0,0,0,0,0,,0,0,0,0,
10:24-10:25,624,625,3,3,0,0,0,3,1,0.9667,3,0,0,0,1258|1259|1260
10:25-10:26,625,626,3,1,2,0,0,3,1,0.51,1,2,0,0,1261|1262|1263
10:26-10:27,626,627,4,5,0,0,0,5,1,0.9773,5,0,0,0,1264|1265|1266|1267
10:27-10:28,627,628,2,2,0,0,0,2,1,0.978,2,0,0,0,1268|1269
10:28-10:29,628,629,5,6,0,0,0,6,1,0.9767,6,0,0,0,1270|1271|1272|1273|1274
10:29-10:30,629,630,2,2,0,0,0,2,0,,2,0,0,0,1275|1276
10:30-10:31,630,631,4,4,0,0,0,4,2,0.9827,4,0,0,0,1277|1278|1279|1280
10:31-10:32,631,632,3,3,0,0,0,3,0,,3,0,0,0,1281|1282|1283
10:32-10:33,632,633,1,1,0,0,0,1,1,0.9748,1,0,0,0,1284
10:33-10:34,633,634,1,1,0,0,0,1,0,,1,0,0,0,1285
10:34-10:35,634,635,1,1,0,0,0,1,0,,1,0,0,0,1286
10:35-10:36,635,636,2,2,0,0,0,2,0,,2,0,0,0,1287|1288
10:36-10:37,636,637,6,6,0,0,0,6,3,0.8374,6,0,0,0,1289|1290|1291|1292|1293|1294
10:37-10:38,637,638,4,5,0,0,0,5,2,0.8903,5,0,0,0,1295|1296|1297|1298
10:38-10:39,638,639,2,2,0,0,0,2,1,0.9551,2,0,0,0,1299|1300
10:39-10:40,639,640,4,2,2,0,0,4,2,0.8801,2,2,0,0,1301|1302|1303|1304
10:40-10:41,640,641,0,0,0,0,0,0,0,,0,0,0,0,
10:41-10:42,641,642,0,0,0,0,0,0,0,,0,0,0,0,
10:42-10:43,642,643,0,0,0,0,0,0,0,,0,0,0,0,
10:43-10:44,643,644,2,1,1,0,0,2,1,0.7835,1,1,0,0,1305|1306
10:44-10:45,644,645,3,3,0,0,0,3,1,0.9759,3,0,0,0,1307|1308|1309
10:45-10:46,645,646,4,2,2,0,0,4,1,0.984,2,2,0,0,1310|1311|1312|1313
10:46-10:47,646,647,2,2,1,0,0,3,0,,2,1,0,0,1314|1315
10:47-10:48,647,648,1,1,0,0,0,1,0,,1,0,0,0,1316
10:48-10:49,648,649,4,4,0,0,0,4,1,0.9926,4,0,0,0,1317|1318|1319|1320
10:49-10:50,649,650,1,1,0,0,0,1,0,,1,0,0,0,1321
10:50-10:51,650,651,2,2,0,0,0,2,1,0.9448,2,0,0,0,1322|1323
10:51-10:52,651,652,0,0,0,0,0,0,0,,0,0,0,0,
10:52-10:53,652,653,0,0,0,0,0,0,0,,0,0,0,0,
10:53-10:54,653,654,2,1,1,0,0,2,1,0.9893,1,1,0,0,1324|1325
10:54-10:55,654,655,9,4,9,0,0,13,3,0.7004,4,9,0,0,1326|1327|1328|1329|1330|1331|1332|1333|1334
10:55-10:56,655,656,5,1,5,0,0,6,1,0.7598,1,5,0,0,1335|1336|1337|1338|1339
10:56-10:57,656,657,2,0,2,0,0,2,0,,0,2,0,0,1340|1341
10:57-10:58,657,658,3,2,1,0,0,3,0,,2,1,0,0,1342|1343|1344
10:58-10:59,658,659,0,0,0,0,0,0,0,,0,0,0,0,
10:59-11:00,659,660,0,0,0,0,0,0,0,,0,0,0,0,
11:00-11:01,660,661,0,0,0,0,0,0,0,,0,0,0,0,
11:01-11:02,661,662,0,0,0,0,0,0,0,,0,0,0,0,
11:02-11:03,662,663,0,0,0,0,0,0,0,,0,0,0,0,
11:03-11:04,663,664,0,0,0,0,0,0,0,,0,0,0,0,
11:04-11:05,664,665,0,0,0,0,0,0,0,,0,0,0,0,
11:05-11:06,665,666,0,0,0,0,0,0,0,,0,0,0,0,
11:06-11:07,666,667,0,0,0,0,0,0,0,,0,0,0,0,
11:07-11:08,667,668,0,0,0,0,0,0,0,,0,0,0,0,
11:08-11:09,668,669,0,0,0,0,0,0,0,,0,0,0,0,
11:09-11:10,669,670,0,0,0,0,0,0,0,,0,0,0,0,
11:10-11:11,670,671,0,0,0,0,0,0,0,,0,0,0,0,
11:11-11:12,671,672,0,0,0,0,0,0,0,,0,0,0,0,
11:12-11:13,672,673,0,0,0,0,0,0,0,,0,0,0,0,
11:13-11:14,673,674,0,0,0,0,0,0,0,,0,0,0,0,
11:14-11:15,674,675,0,0,0,0,0,0,0,,0,0,0,0,
11:15-11:16,675,676,0,0,0,0,0,0,0,,0,0,0,0,
11:16-11:17,676,677,0,0,0,0,0,0,0,,0,0,0,0,
11:17-11:18,677,678,1,0,0,1,0,1,1,0.9765,0,0,1,0,1345
11:18-11:19,678,679,2,1,1,0,0,2,1,0.9639,1,1,0,0,1346|1347
11:19-11:20,679,680,6,5,3,0,0,8,1,0.6091,5,3,0,0,1348|1349|1350|1351|1352|1353
11:20-11:21,680,681,6,3,3,0,0,6,3,0.7833,3,3,0,0,1354|1355|1356|1357|1358|1359
11:21-11:22,681,682,1,1,0,0,0,1,0,,1,0,0,0,1360
11:22-11:23,682,683,8,8,2,0,0,10,2,0.7326,8,2,0,0,1361|1362|1363|1364|1365|1366|1367|1368
11:23-11:24,683,684,0,0,0,0,0,0,0,,0,0,0,0,
11:24-11:25,684,685,0,0,0,0,0,0,0,,0,0,0,0,
11:25-11:26,685,686,1,1,0,0,0,1,0,,1,0,0,0,1369
11:26-11:27,686,687,2,2,0,0,0,2,1,0.5022,2,0,0,0,1370|1371
11:27-11:28,687,688,7,7,0,0,0,7,0,,7,0,0,0,1372|1373|1374|1375|1376|1377|1378
11:28-11:29,688,689,4,3,1,0,0,4,1,0.8724,3,1,0,0,1379|1380|1381|1382
11:29-11:30,689,690,2,2,0,0,0,2,0,,2,0,0,0,1383|1384
11:30-11:31,690,691,6,5,1,0,0,6,1,0.7425,5,1,0,0,1385|1386|1387|1388|1389|1390
11:31-11:32,691,692,5,6,0,0,0,6,1,0.7603,6,0,0,0,1391|1392|1393|1394|1395
11:32-11:33,692,693,20,17,11,0,0,28,3,0.6373,17,11,0,0,1396|1397|1398|1399|1400|1401|1402|1403|1404|1405|1406|1407|1408|1409|1410|1411|1412|1413|1414|1415
11:33-11:34,693,694,0,0,0,0,0,0,0,,0,0,0,0,
11:34-11:35,694,695,19,15,4,0,0,19,17,0.7192,15,4,0,0,1416|1417|1418|1419|1420|1421|1422|1423|1424|1425|1426|1427|1428|1429|1430|1431|1432|1433|1434
11:35-11:36,695,696,3,2,1,0,0,3,2,0.8009,2,1,0,0,1435|1436|1437
11:36-11:37,696,697,24,17,10,0,0,27,8,0.6491,17,10,0,0,1438|1439|1440|1441|1442|1443|1444|1445|1446|1447|1448|1449|1450|1451|1452|1453|1454|1455|1456|1457|1458|1459|1460|1461
11:37-11:38,697,698,8,6,3,0,0,9,4,0.6791,6,3,0,0,1462|1463|1464|1465|1466|1467|1468|1469
11:38-11:39,698,699,10,8,4,0,0,12,1,0.6345,8,4,0,0,1470|1471|1472|1473|1474|1475|1476|1477|1478|1479
11:39-11:40,699,700,0,0,0,0,0,0,0,,0,0,0,0,
11:40-11:41,700,701,0,0,0,0,0,0,0,,0,0,0,0,
11:41-11:42,701,702,0,0,0,0,0,0,0,,0,0,0,0,
11:42-11:43,702,703,1,1,0,0,0,1,0,,1,0,0,0,1480
11:43-11:44,703,704,3,3,0,0,0,3,1,0.7392,3,0,0,0,1481|1482|1483
11:44-11:45,704,705,6,8,0,0,0,8,1,0.8466,8,0,0,0,1484|1485|1486|1487|1488|1489
11:45-11:46,705,706,3,1,2,0,0,3,0,,1,2,0,0,1490|1491|1492
11:46-11:47,706,707,1,1,0,0,0,1,0,,1,0,0,0,1493
11:47-11:48,707,708,2,2,0,0,0,2,1,0.8441,2,0,0,0,1494|1495
11:48-11:49,708,709,0,0,0,0,0,0,0,,0,0,0,0,
11:49-11:50,709,710,1,1,0,0,0,1,0,,1,0,0,0,1496
11:50-11:51,710,711,0,0,0,0,0,0,0,,0,0,0,0,
11:51-11:52,711,712,0,0,0,0,0,0,0,,0,0,0,0,
11:52-11:53,712,713,0,0,0,0,0,0,0,,0,0,0,0,
11:53-11:54,713,714,2,2,1,0,0,3,0,,2,1,0,0,1497|1498
11:54-11:55,714,715,0,0,0,0,0,0,0,,0,0,0,0,
11:55-11:56,715,716,1,1,0,0,0,1,0,,1,0,0,0,1499
11:56-11:57,716,717,0,0,0,0,0,0,0,,0,0,0,0,
11:57-11:58,717,718,1,1,0,0,0,1,0,,1,0,0,0,1500
11:58-11:59,718,719,2,2,0,0,0,2,2,0.8206,2,0,0,0,1501|1502
11:59-12:00,719,720,2,2,0,0,0,2,0,,2,0,0,0,1503|1504
12:00-12:01,720,721,0,0,0,0,0,0,0,,0,0,0,0,
12:01-12:02,721,722,2,1,1,0,0,2,1,0.8429,1,1,0,0,1505|1506
12:02-12:03,722,723,6,6,0,0,0,6,1,0.986,6,0,0,0,1507|1508|1509|1510|1511|1512
12:03-12:04,723,724,1,1,0,0,0,1,0,,1,0,0,0,1513
12:04-12:05,724,725,1,1,0,0,0,1,0,,1,0,0,0,1514
12:05-12:06,725,726,3,3,0,0,0,3,1,0.9881,3,0,0,0,1515|1516|1517
12:06-12:07,726,727,1,1,0,0,0,1,0,,1,0,0,0,1518
12:07-12:08,727,728,2,2,0,0,0,2,0,,2,0,0,0,1519|1520
12:08-12:09,728,729,4,5,0,0,0,5,1,0.977,5,0,0,0,1521|1522|1523|1524
12:09-12:10,729,730,2,2,0,0,0,2,1,0.8813,2,0,0,0,1525|1526
12:10-12:11,730,731,5,3,2,0,0,5,1,0.9717,3,2,0,0,1527|1528|1529|1530|1531
12:11-12:12,731,732,1,1,0,0,0,1,0,,1,0,0,0,1532
12:12-12:13,732,733,1,2,0,0,0,2,0,,2,0,0,0,1533
12:13-12:14,733,734,1,0,1,0,0,1,0,,0,1,0,0,1534
12:14-12:15,734,735,1,1,0,0,0,1,0,,1,0,0,0,1535
12:15-12:16,735,736,0,0,0,0,0,0,0,,0,0,0,0,
12:16-12:17,736,737,0,0,0,0,0,0,0,,0,0,0,0,
12:17-12:18,737,738,0,0,0,0,0,0,0,,0,0,0,0,
12:18-12:19,738,739,0,0,0,0,0,0,0,,0,0,0,0,
12:19-12:20,739,740,0,0,0,0,0,0,0,,0,0,0,0,
12:20-12:21,740,741,0,0,0,0,0,0,0,,0,0,0,0,
12:21-12:22,741,742,1,1,0,0,0,1,0,,1,0,0,0,1536
12:22-12:23,742,743,0,0,0,0,0,0,0,,0,0,0,0,
12:23-12:24,743,744,0,0,0,0,0,0,0,,0,0,0,0,
12:24-12:25,744,745,0,0,0,0,0,0,0,,0,0,0,0,
12:25-12:26,745,746,0,0,0,0,0,0,0,,0,0,0,0,
12:26-12:27,746,747,0,0,0,0,0,0,0,,0,0,0,0,
12:27-12:28,747,748,0,0,0,0,0,0,0,,0,0,0,0,
12:28-12:29,748,749,0,0,0,0,0,0,0,,0,0,0,0,
12:29-12:30,749,750,0,0,0,0,0,0,0,,0,0,0,0,
12:30-12:31,750,751,0,0,0,0,0,0,0,,0,0,0,0,
12:31-12:32,751,752,0,0,0,0,0,0,0,,0,0,0,0,
12:32-12:33,752,753,0,0,0,0,0,0,0,,0,0,0,0,
12:33-12:34,753,754,0,0,0,0,0,0,0,,0,0,0,0,
12:34-12:35,754,755,0,0,0,0,0,0,0,,0,0,0,0,
12:35-12:36,755,756,0,0,0,0,0,0,0,,0,0,0,0,
12:36-12:37,756,757,0,0,0,0,0,0,0,,0,0,0,0,
12:37-12:38,757,758,0,0,0,0,0,0,0,,0,0,0,0,
12:38-12:39,758,759,2,1,0,1,0,2,0,,1,0,1,0,1537|1538
12:39-12:40,759,760,2,2,0,0,0,2,0,,2,0,0,0,1539|1540
12:40-12:41,760,761,1,1,0,0,0,1,0,,1,0,0,0,1541
12:41-12:42,761,762,1,1,0,0,0,1,1,0.9732,1,0,0,0,1542
12:42-12:43,762,763,0,0,0,0,0,0,0,,0,0,0,0,
12:43-12:44,763,764,0,0,0,0,0,0,0,,0,0,0,0,
12:44-12:45,764,765,0,0,0,0,0,0,0,,0,0,0,0,
12:45-12:46,765,766,0,0,0,0,0,0,0,,0,0,0,0,
12:46-12:47,766,767,4,4,0,0,0,4,0,,4,0,0,0,1543|1544|1545|1546
12:47-12:48,767,768,0,0,0,0,0,0,0,,0,0,0,0,
12:48-12:49,768,769,5,4,2,0,0,6,0,,4,2,0,0,1547|1548|1549|1550|1551
12:49-12:50,769,770,19,19,1,0,0,20,10,0.8116,19,1,0,0,1552|1553|1554|1555|1556|1557|1558|1559|1560|1561|1562|1563|1564|1565|1566|1567|1568|1569|1570
12:50-12:51,770,771,7,7,0,0,0,7,3,0.98,7,0,0,0,1571|1572|1573|1574|1575|1576|1577
12:51-12:52,771,772,2,2,0,0,0,2,2,0.8555,2,0,0,0,1578|1579
12:52-12:53,772,773,5,5,2,0,0,7,0,,5,2,0,0,1580|1581|1582|1583|1584
12:53-12:54,773,774,9,8,2,0,0,10,4,0.7975,8,2,0,0,1585|1586|1587|1588|1589|1590|1591|1592|1593
12:54-12:55,774,775,19,17,4,0,0,21,8,0.8215,17,4,0,0,1594|1595|1596|1597|1598|1599|1600|1601|1602|1603|1604|1605|1606|1607|1608|1609|1610|1611|1612
12:55-12:56,775,776,1,0,1,0,0,1,0,,0,1,0,0,1613
12:56-12:57,776,777,6,7,0,0,0,7,1,0.6733,7,0,0,0,1614|1615|1616|1617|1618|1619
12:57-12:58,777,778,9,5,6,0,0,11,3,0.7846,5,6,0,0,1620|1621|1622|1623|1624|1625|1626|1627|1628
12:58-12:59,778,779,12,9,3,0,0,12,5,0.8382,9,3,0,0,1629|1630|1631|1632|1633|1634|1635|1636|1637|1638|1639|1640
12:59-13:00,779,780,5,5,0,0,0,5,0,,5,0,0,0,1641|1642|1643|1644|1645
13:00-13:01,780,781,2,2,0,0,0,2,0,,2,0,0,0,1646|1647
13:01-13:02,781,782,1,1,0,0,0,1,1,0.9171,1,0,0,0,1648
13:02-13:03,782,783,0,0,0,0,0,0,0,,0,0,0,0,
13:03-13:04,783,784,0,0,0,0,0,0,0,,0,0,0,0,
13:04-13:05,784,785,0,0,0,0,0,0,0,,0,0,0,0,
13:05-13:06,785,786,1,1,0,0,0,1,1,0.9653,1,0,0,0,1649
13:06-13:07,786,787,2,2,0,0,0,2,0,,2,0,0,0,1650|1651
13:07-13:08,787,788,0,0,0,0,0,0,0,,0,0,0,0,
13:08-13:09,788,789,0,0,0,0,0,0,0,,0,0,0,0,
13:09-13:10,789,790,2,2,0,0,0,2,0,,2,0,0,0,1652|1653
13:10-13:11,790,791,0,0,0,0,0,0,0,,0,0,0,0,
13:11-13:12,791,792,2,2,0,0,0,2,1,0.8776,2,0,0,0,1654|1655
13:12-13:13,792,793,3,3,0,0,0,3,0,,3,0,0,0,1656|1657|1658
13:13-13:14,793,794,3,3,0,0,0,3,0,,3,0,0,0,1659|1660|1661
13:14-13:15,794,795,1,1,0,0,0,1,0,,1,0,0,0,1662
13:15-13:16,795,796,4,5,0,0,0,5,1,0.9428,5,0,0,0,1663|1664|1665|1666
13:16-13:17,796,797,1,1,0,0,0,1,0,,1,0,0,0,1667
13:17-13:18,797,798,2,2,0,0,0,2,0,,2,0,0,0,1668|1669
13:18-13:19,798,799,2,1,1,0,0,2,1,0.545,1,1,0,0,1670|1671
13:19-13:20,799,800,1,1,0,0,0,1,0,,1,0,0,0,1672
13:20-13:21,800,801,1,0,1,0,0,1,1,0.7412,0,1,0,0,1673
13:21-13:22,801,802,0,0,0,0,0,0,0,,0,0,0,0,
13:22-13:23,802,803,0,0,0,0,0,0,0,,0,0,0,0,
13:23-13:24,803,804,1,1,0,0,0,1,0,,1,0,0,0,1674
13:24-13:25,804,805,0,0,0,0,0,0,0,,0,0,0,0,
13:25-13:26,805,806,5,4,1,0,0,5,1,0.886,4,1,0,0,1675|1676|1677|1678|1679
13:26-13:27,806,807,1,0,1,0,0,1,0,,0,1,0,0,1680
13:27-13:28,807,808,5,5,1,0,0,6,1,0.8729,5,1,0,0,1681|1682|1683|1684|1685
13:28-13:29,808,809,0,0,0,0,0,0,0,,0,0,0,0,
13:29-13:30,809,810,4,3,1,0,0,4,1,0.9016,3,1,0,0,1686|1687|1688|1689
13:30-13:31,810,811,4,3,1,0,0,4,1,0.9924,3,1,0,0,1690|1691|1692|1693
13:31-13:32,811,812,9,7,2,0,0,9,5,0.822,7,2,0,0,1694|1695|1696|1697|1698|1699|1700|1701|1702
13:32-13:33,812,813,6,7,0,0,0,7,0,,7,0,0,0,1703|1704|1705|1706|1707|1708
13:33-13:34,813,814,6,5,1,0,0,6,1,0.8708,5,1,0,0,1709|1710|1711|1712|1713|1714
13:34-13:35,814,815,5,3,2,0,0,5,2,0.9063,3,2,0,0,1715|1716|1717|1718|1719
13:35-13:36,815,816,1,1,0,0,0,1,0,,1,0,0,0,1720
13:36-13:37,816,817,1,1,0,0,0,1,0,,1,0,0,0,1721
13:37-13:38,817,818,3,3,0,0,0,3,0,,3,0,0,0,1722|1723|1724
13:38-13:39,818,819,3,1,2,0,0,3,0,,1,2,0,0,1725|1726|1727
13:39-13:40,819,820,0,0,0,0,0,0,0,,0,0,0,0,
13:40-13:41,820,821,0,0,0,0,0,0,0,,0,0,0,0,
13:41-13:42,821,822,0,0,0,0,0,0,0,,0,0,0,0,
13:42-13:43,822,823,1,1,0,0,0,1,0,,1,0,0,0,1728
13:43-13:44,823,824,18,12,10,0,0,22,9,0.6807,12,10,0,0,1729|1730|1731|1732|1733|1734|1735|1736|1737|1738|1739|1740|1741|1742|1743|1744|1745|1746
13:44-13:45,824,825,15,12,4,0,0,16,9,0.7185,12,4,0,0,1747|1748|1749|1750|1751|1752|1753|1754|1755|1756|1757|1758|1759|1760|1761
13:45-13:46,825,826,24,18,7,0,0,25,9,0.6085,18,7,0,0,1762|1763|1764|1765|1766|1767|1768|1769|1770|1771|1772|1773|1774|1775|1776|1777|1778|1779|1780|1781|1782|1783|1784|1785
13:46-13:47,826,827,10,9,2,0,0,11,1,0.562,9,2,0,0,1786|1787|1788|1789|1790|1791|1792|1793|1794|1795
13:47-13:48,827,828,5,5,2,0,0,7,0,,5,2,0,0,1796|1797|1798|1799|1800
13:48-13:49,828,829,1,1,0,0,0,1,0,,1,0,0,0,1801
13:49-13:50,829,830,3,2,1,0,0,3,0,,2,1,0,0,1802|1803|1804
13:50-13:51,830,831,2,1,1,0,0,2,0,,1,1,0,0,1805|1806
13:51-13:52,831,832,2,2,0,0,0,2,0,,2,0,0,0,1807|1808
13:52-13:53,832,833,0,0,0,0,0,0,0,,0,0,0,0,
13:53-13:54,833,834,0,0,0,0,0,0,0,,0,0,0,0,
13:54-13:55,834,835,0,0,0,0,0,0,0,,0,0,0,0,
13:55-13:56,835,836,0,0,0,0,0,0,0,,0,0,0,0,
13:56-13:57,836,837,0,0,0,0,0,0,0,,0,0,0,0,
13:57-13:58,837,838,3,3,0,0,0,3,2,0.8847,3,0,0,0,1809|1810|1811
13:58-13:59,838,839,1,1,0,0,0,1,0,,1,0,0,0,1812
13:59-14:00,839,840,5,3,2,0,0,5,3,0.8654,3,2,0,0,1813|1814|1815|1816|1817
14:00-14:01,840,841,12,9,3,0,0,12,4,0.8026,9,3,0,0,1818|1819|1820|1821|1822|1823|1824|1825|1826|1827|1828|1829
14:01-14:02,841,842,11,12,0,0,0,12,3,0.9273,12,0,0,0,1830|1831|1832|1833|1834|1835|1836|1837|1838|1839|1840
14:02-14:03,842,843,4,4,0,0,0,4,1,0.9465,4,0,0,0,1841|1842|1843|1844
14:03-14:04,843,844,3,4,0,0,0,4,1,0.9305,4,0,0,0,1845|1846|1847
14:04-14:05,844,845,1,1,0,0,0,1,0,,1,0,0,0,1848
14:05-14:06,845,846,3,4,0,0,0,4,1,0.9181,4,0,0,0,1849|1850|1851
14:06-14:07,846,847,6,6,1,0,0,7,1,0.6766,6,1,0,0,1852|1853|1854|1855|1856|1857
14:07-14:08,847,848,7,8,1,0,0,9,1,0.8748,8,1,0,0,1858|1859|1860|1861|1862|1863|1864
14:08-14:09,848,849,4,3,1,0,0,4,1,0.9014,3,1,0,0,1865|1866|1867|1868
14:09-14:10,849,850,5,5,2,0,0,7,2,0.9719,5,2,0,0,1869|1870|1871|1872|1873
14:10-14:11,850,851,0,0,0,0,0,0,0,,0,0,0,0,
14:11-14:12,851,852,7,6,1,0,0,7,2,0.7364,6,1,0,0,1874|1875|1876|1877|1878|1879|1880
14:12-14:13,852,853,6,5,1,0,0,6,3,0.6136,5,1,0,0,1881|1882|1883|1884|1885|1886
14:13-14:14,853,854,0,0,0,0,0,0,0,,0,0,0,0,
14:14-14:15,854,855,8,6,5,0,0,11,4,0.8508,6,5,0,0,1887|1888|1889|1890|1891|1892|1893|1894
14:15-14:16,855,856,8,7,2,0,0,9,4,0.8121,7,2,0,0,1895|1896|1897|1898|1899|1900|1901|1902
14:16-14:17,856,857,0,0,0,0,0,0,0,,0,0,0,0,
14:17-14:18,857,858,0,0,0,0,0,0,0,,0,0,0,0,
14:18-14:19,858,859,6,9,0,0,0,9,1,0.5461,9,0,0,0,1903|1904|1905|1906|1907|1908
14:19-14:20,859,860,12,10,4,0,0,14,2,0.8483,10,4,0,0,1909|1910|1911|1912|1913|1914|1915|1916|1917|1918|1919|1920
14:20-14:21,860,861,16,13,4,0,0,17,8,0.7556,13,4,0,0,1921|1922|1923|1924|1925|1926|1927|1928|1929|1930|1931|1932|1933|1934|1935|1936
14:21-14:22,861,862,16,11,5,0,0,16,6,0.7274,11,5,0,0,1937|1938|1939|1940|1941|1942|1943|1944|1945|1946|1947|1948|1949|1950|1951|1952
14:22-14:23,862,863,16,13,4,0,0,17,8,0.7947,13,4,0,0,1953|1954|1955|1956|1957|1958|1959|1960|1961|1962|1963|1964|1965|1966|1967|1968
14:23-14:24,863,864,2,1,1,0,0,2,0,,1,1,0,0,1969|1970
14:24-14:25,864,865,4,2,2,0,0,4,0,,2,2,0,0,1971|1972|1973|1974
14:25-14:26,865,866,4,3,1,0,0,4,0,,3,1,0,0,1975|1976|1977|1978
14:26-14:27,866,867,3,1,2,0,0,3,1,0.5444,1,2,0,0,1979|1980|1981
14:27-14:28,867,868,1,1,0,0,0,1,0,,1,0,0,0,1982
14:28-14:29,868,869,9,8,3,0,0,11,1,0.6801,8,3,0,0,1983|1984|1985|1986|1987|1988|1989|1990|1991
14:29-14:30,869,870,6,5,1,0,0,6,1,0.9679,5,1,0,0,1992|1993|1994|1995|1996|1997
14:30-14:31,870,871,3,3,0,0,0,3,0,,3,0,0,0,1998|1999|2000
14:31-14:32,871,872,2,2,0,0,0,2,2,0.8912,2,0,0,0,2001|2002
14:32-14:33,872,873,2,2,0,0,0,2,0,,2,0,0,0,2003|2004
14:33-14:34,873,874,3,2,1,0,0,3,0,,2,1,0,0,2005|2006|2007
14:34-14:35,874,875,0,0,0,0,0,0,0,,0,0,0,0,
14:35-14:36,875,876,0,0,0,0,0,0,0,,0,0,0,0,
14:36-14:37,876,877,0,0,0,0,0,0,0,,0,0,0,0,
14:37-14:38,877,878,0,0,0,0,0,0,0,,0,0,0,0,
14:38-14:39,878,879,0,0,0,0,0,0,0,,0,0,0,0,
14:39-14:40,879,880,0,0,0,0,0,0,0,,0,0,0,0,
14:40-14:41,880,881,0,0,0,0,0,0,0,,0,0,0,0,
14:41-14:42,881,882,0,0,0,0,0,0,0,,0,0,0,0,
14:42-14:43,882,883,0,0,0,0,0,0,0,,0,0,0,0,
14:43-14:44,883,884,0,0,0,0,0,0,0,,0,0,0,0,
14:44-14:45,884,885,0,0,0,0,0,0,0,,0,0,0,0,
14:45-14:46,885,886,3,2,1,0,0,3,1,0.5326,2,1,0,0,2008|2009|2010
14:46-14:47,886,887,1,0,0,0,1,1,0,,0,1,0,1,2011
14:47-14:48,887,888,0,0,0,0,0,0,0,,0,0,0,0,
14:48-14:49,888,889,0,0,0,0,0,0,0,,0,0,0,0,
14:49-14:50,889,890,0,0,0,0,0,0,0,,0,0,0,0,
14:50-14:51,890,891,11,6,5,0,0,11,6,0.6973,6,5,0,0,2012|2013|2014|2015|2016|2017|2018|2019|2020|2021|2022
14:51-14:52,891,892,17,12,6,0,0,18,7,0.6105,12,6,0,0,2023|2024|2025|2026|2027|2028|2029|2030|2031|2032|2033|2034|2035|2036|2037|2038|2039
14:52-14:53,892,893,18,21,1,0,0,22,3,0.7047,21,1,0,0,2040|2041|2042|2043|2044|2045|2046|2047|2048|2049|2050|2051|2052|2053|2054|2055|2056|2057
14:53-14:54,893,894,18,18,4,0,0,22,11,0.656,18,4,0,0,2058|2059|2060|2061|2062|2063|2064|2065|2066|2067|2068|2069|2070|2071|2072|2073|2074|2075
14:54-14:55,894,895,0,0,0,0,0,0,0,,0,0,0,0,
14:55-14:56,895,896,13,10,3,0,0,13,13,0.7308,10,3,0,0,2076|2077|2078|2079|2080|2081|2082|2083|2084|2085|2086|2087|2088
14:56-14:57,896,897,0,0,0,0,0,0,0,,0,0,0,0,
14:57-14:58,897,898,9,4,7,0,0,11,4,0.672,4,7,0,0,2089|2090|2091|2092|2093|2094|2095|2096|2097
14:58-14:59,898,899,0,0,0,0,0,0,0,,0,0,0,0,
14:59-15:00,899,900,0,0,0,0,0,0,0,,0,0,0,0,
15:00-15:01,900,901,0,0,0,0,0,0,0,,0,0,0,0,
15:01-15:02,901,902,0,0,0,0,0,0,0,,0,0,0,0,
15:02-15:03,902,903,0,0,0,0,0,0,0,,0,0,0,0,
15:03-15:04,903,904,0,0,0,0,0,0,0,,0,0,0,0,
15:04-15:05,904,905,6,5,0,1,0,6,1,0.9547,5,0,1,0,2098|2099|2100|2101|2102|2103
15:05-15:06,905,906,0,0,0,0,0,0,0,,0,0,0,0,
15:06-15:07,906,907,0,0,0,0,0,0,0,,0,0,0,0,
15:07-15:08,907,908,7,7,0,0,0,7,2,0.7531,7,0,0,0,2104|2105|2106|2107|2108|2109|2110
15:08-15:09,908,909,6,7,0,0,0,7,3,0.7497,7,0,0,0,2111|2112|2113|2114|2115|2116
15:09-15:10,909,910,10,10,0,0,0,10,3,0.9808,10,0,0,0,2117|2118|2119|2120|2121|2122|2123|2124|2125|2126
15:10-15:11,910,911,9,9,0,0,0,9,3,0.9838,9,0,0,0,2127|2128|2129|2130|2131|2132|2133|2134|2135
15:11-15:12,911,912,1,1,0,0,0,1,0,,1,0,0,0,2136
15:12-15:13,912,913,0,0,0,0,0,0,0,,0,0,0,0,
15:13-15:14,913,914,0,0,0,0,0,0,0,,0,0,0,0,
15:14-15:15,914,915,0,0,0,0,0,0,0,,0,0,0,0,
15:15-15:16,915,916,0,0,0,0,0,0,0,,0,0,0,0,
15:16-15:17,916,917,0,0,0,0,0,0,0,,0,0,0,0,
15:17-15:18,917,918,1,1,0,0,0,1,0,,1,0,0,0,2137
15:18-15:19,918,919,15,17,1,0,0,18,4,0.967,17,1,0,0,2138|2139|2140|2141|2142|2143|2144|2145|2146|2147|2148|2149|2150|2151|2152
15:19-15:20,919,920,12,12,2,0,0,14,2,0.9655,12,2,0,0,2153|2154|2155|2156|2157|2158|2159|2160|2161|2162|2163|2164
15:20-15:21,920,921,1,0,1,0,0,1,0,,0,1,0,0,2165
15:21-15:22,921,922,8,4,4,0,0,8,6,0.6858,4,4,0,0,2166|2167|2168|2169|2170|2171|2172|2173
15:22-15:23,922,923,12,11,2,0,0,13,4,0.8486,11,2,0,0,2174|2175|2176|2177|2178|2179|2180|2181|2182|2183|2184|2185
15:23-15:24,923,924,12,15,1,0,0,16,4,0.8756,15,1,0,0,2186|2187|2188|2189|2190|2191|2192|2193|2194|2195|2196|2197
15:24-15:25,924,925,8,6,3,0,0,9,2,0.6759,6,3,0,0,2198|2199|2200|2201|2202|2203|2204|2205
15:25-15:26,925,926,2,2,0,0,0,2,0,,2,0,0,0,2206|2207
15:26-15:27,926,927,4,4,0,0,0,4,4,0.6898,4,0,0,0,2208|2209|2210|2211
15:27-15:28,927,928,9,8,1,0,0,9,4,0.6318,8,1,0,0,2212|2213|2214|2215|2216|2217|2218|2219|2220
15:28-15:29,928,929,6,6,0,0,0,6,2,0.8316,6,0,0,0,2221|2222|2223|2224|2225|2226
15:29-15:30,929,930,0,0,0,0,0,0,0,,0,0,0,0,
15:30-15:31,930,931,2,2,1,0,0,3,0,,2,1,0,0,2227|2228
15:31-15:32,931,932,4,2,2,0,0,4,0,,2,2,0,0,2229|2230|2231|2232
15:32-15:33,932,933,4,3,1,0,0,4,1,0.5735,3,1,0,0,2233|2234|2235|2236
15:33-15:34,933,934,2,2,0,0,0,2,0,,2,0,0,0,2237|2238
15:34-15:35,934,935,1,1,0,0,0,1,0,,1,0,0,0,2239
15:35-15:36,935,936,3,3,0,0,0,3,1,0.969,3,0,0,0,2240|2241|2242
15:36-15:37,936,937,2,2,0,0,0,2,2,0.8727,2,0,0,0,2243|2244
15:37-15:38,937,938,8,7,2,0,0,9,5,0.8003,7,2,0,0,2245|2246|2247|2248|2249|2250|2251|2252
15:38-15:39,938,939,11,7,4,0,0,11,7,0.5845,7,4,0,0,2253|2254|2255|2256|2257|2258|2259|2260|2261|2262|2263
15:39-15:40,939,940,5,5,3,0,0,8,0,,5,3,0,0,2264|2265|2266|2267|2268
15:40-15:41,940,941,13,11,5,0,0,16,5,0.7984,11,5,0,0,2269|2270|2271|2272|2273|2274|2275|2276|2277|2278|2279|2280|2281
15:41-15:42,941,942,2,2,0,0,0,2,1,0.8283,2,0,0,0,2282|2283
15:42-15:43,942,943,0,0,0,0,0,0,0,,0,0,0,0,
15:43-15:44,943,944,0,0,0,0,0,0,0,,0,0,0,0,
15:44-15:45,944,945,8,7,1,0,0,8,3,0.874,7,1,0,0,2284|2285|2286|2287|2288|2289|2290|2291
15:45-15:46,945,946,3,3,0,0,0,3,3,0.8312,3,0,0,0,2292|2293|2294
15:46-15:47,946,947,0,0,0,0,0,0,0,,0,0,0,0,
15:47-15:48,947,948,10,12,0,0,0,12,5,0.9002,12,0,0,0,2295|2296|2297|2298|2299|2300|2301|2302|2303|2304
15:48-15:49,948,949,7,7,0,0,0,7,0,,7,0,0,0,2305|2306|2307|2308|2309|2310|2311
15:49-15:50,949,950,8,8,0,0,0,8,3,0.9834,8,0,0,0,2312|2313|2314|2315|2316|2317|2318|2319
15:50-15:51,950,951,14,14,0,0,0,14,4,0.8514,14,0,0,0,2320|2321|2322|2323|2324|2325|2326|2327|2328|2329|2330|2331|2332|2333
15:51-15:52,951,952,4,4,0,0,0,4,2,0.9373,4,0,0,0,2334|2335|2336|2337
15:52-15:53,952,953,0,0,0,0,0,0,0,,0,0,0,0,
15:53-15:54,953,954,2,2,0,0,0,2,0,,2,0,0,0,2338|2339
15:54-15:55,954,955,0,0,0,0,0,0,0,,0,0,0,0,
15:55-15:56,955,956,0,0,0,0,0,0,0,,0,0,0,0,
15:56-15:57,956,957,3,2,1,0,0,3,1,0.8518,2,1,0,0,2340|2341|2342
15:57-15:58,957,958,9,7,2,0,0,9,3,0.7592,7,2,0,0,2343|2344|2345|2346|2347|2348|2349|2350|2351
15:58-15:59,958,959,9,6,5,0,0,11,2,0.9062,6,5,0,0,2352|2353|2354|2355|2356|2357|2358|2359|2360
15:59-16:00,959,960,12,13,2,0,0,15,2,0.9671,13,2,0,0,2361|2362|2363|2364|2365|2366|2367|2368|2369|2370|2371|2372
16:00-16:01,960,961,4,3,1,0,0,4,3,0.8316,3,1,0,0,2373|2374|2375|2376
16:01-16:02,961,962,12,11,3,0,0,14,4,0.6677,11,3,0,0,2377|2378|2379|2380|2381|2382|2383|2384|2385|2386|2387|2388
16:02-16:03,962,963,0,0,0,0,0,0,0,,0,0,0,0,
16:03-16:04,963,964,0,0,0,0,0,0,0,,0,0,0,0,
16:04-16:05,964,965,12,11,1,0,0,12,11,0.6266,11,1,0,0,2389|2390|2391|2392|2393|2394|2395|2396|2397|2398|2399|2400
16:05-16:06,965,966,0,0,0,0,0,0,0,,0,0,0,0,
16:06-16:07,966,967,0,0,0,0,0,0,0,,0,0,0,0,
16:07-16:08,967,968,0,0,0,0,0,0,0,,0,0,0,0,
16:08-16:09,968,969,2,3,1,0,0,4,1,0.5541,3,1,0,0,2401|2402
16:09-16:10,969,970,0,0,0,0,0,0,0,,0,0,0,0,
16:10-16:11,970,971,1,0,0,0,1,1,0,,1,0,0,1,2403
16:11-16:12,971,972,7,7,0,0,0,7,2,0.5582,7,0,0,0,2404|2405|2406|2407|2408|2409|2410
16:12-16:13,972,973,10,7,3,0,0,10,4,0.8245,7,3,0,0,2411|2412|2413|2414|2415|2416|2417|2418|2419|2420
16:13-16:14,973,974,4,2,1,0,1,4,1,0.5308,3,1,0,1,2421|2422|2423|2424
16:14-16:15,974,975,0,0,0,0,0,0,0,,0,0,0,0,
16:15-16:16,975,976,0,0,0,0,0,0,0,,0,0,0,0,
16:16-16:17,976,977,3,2,1,0,0,3,1,0.8833,2,1,0,0,2425|2426|2427
16:17-16:18,977,978,1,1,0,0,0,1,0,,1,0,0,0,2428
16:18-16:19,978,979,5,4,1,0,0,5,0,,4,1,0,0,2429|2430|2431|2432|2433
16:19-16:20,979,980,0,0,0,0,0,0,0,,0,0,0,0,
16:20-16:21,980,981,0,0,0,0,0,0,0,,0,0,0,0,
16:21-16:22,981,982,9,8,1,0,0,9,2,0.6991,8,1,0,0,2434|2435|2436|2437|2438|2439|2440|2441|2442
16:22-16:23,982,983,11,9,2,0,0,11,3,0.6921,9,2,0,0,2443|2444|2445|2446|2447|2448|2449|2450|2451|2452|2453
16:23-16:24,983,984,10,8,2,0,0,10,2,0.6489,8,2,0,0,2454|2455|2456|2457|2458|2459|2460|2461|2462|2463
16:24-16:25,984,985,8,7,1,0,0,8,2,0.6472,7,1,0,0,2464|2465|2466|2467|2468|2469|2470|2471
16:25-16:26,985,986,11,10,2,0,0,12,3,0.6066,10,2,0,0,2472|2473|2474|2475|2476|2477|2478|2479|2480|2481|2482
16:26-16:27,986,987,4,3,1,0,0,4,1,0.5721,3,1,0,0,2483|2484|2485|2486
16:27-16:28,987,988,3,3,0,0,0,3,0,,3,0,0,0,2487|2488|2489
16:28-16:29,988,989,0,0,0,0,0,0,0,,0,0,0,0,
16:29-16:30,989,990,0,0,0,0,0,0,0,,0,0,0,0,
16:30-16:31,990,991,9,9,0,0,0,9,4,0.7138,9,0,0,0,2490|2491|2492|2493|2494|2495|2496|2497|2498
16:31-16:32,991,992,10,10,0,0,0,10,3,0.8196,10,0,0,0,2499|2500|2501|2502|2503|2504|2505|2506|2507|2508
16:32-16:33,992,993,1,0,1,0,0,1,1,0.5555,0,1,0,0,2509
16:33-16:34,993,994,0,0,0,0,0,0,0,,0,0,0,0,
16:34-16:35,994,995,0,0,0,0,0,0,0,,0,0,0,0,
16:35-16:36,995,996,1,1,0,0,0,1,0,,1,0,0,0,2510
16:36-16:37,996,997,12,7,7,0,0,14,3,0.749,7,7,0,0,2511|2512|2513|2514|2515|2516|2517|2518|2519|2520|2521|2522
16:37-16:38,997,998,0,0,0,0,0,0,0,,0,0,0,0,
16:38-16:39,998,999,0,0,0,0,0,0,0,,0,0,0,0,
16:39-16:40,999,1000,9,5,5,0,0,10,1,0.7419,5,5,0,0,2523|2524|2525|2526|2527|2528|2529|2530|2531
16:40-16:41,1000,1001,12,9,7,0,0,16,3,0.8234,9,7,0,0,2532|2533|2534|2535|2536|2537|2538|2539|2540|2541|2542|2543
16:41-16:42,1001,1002,12,11,2,0,0,13,4,0.7195,11,2,0,0,2544|2545|2546|2547|2548|2549|2550|2551|2552|2553|2554|2555
16:42-16:43,1002,1003,17,16,1,0,0,17,8,0.7642,16,1,0,0,2556|2557|2558|2559|2560|2561|2562|2563|2564|2565|2566|2567|2568|2569|2570|2571|2572
16:43-16:44,1003,1004,12,9,4,0,0,13,5,0.666,9,4,0,0,2573|2574|2575|2576|2577|2578|2579|2580|2581|2582|2583|2584
16:44-16:45,1004,1005,16,10,7,0,0,17,5,0.7,10,7,0,0,2585|2586|2587|2588|2589|2590|2591|2592|2593|2594|2595|2596|2597|2598|2599|2600
16:45-16:46,1005,1006,14,9,5,0,0,14,7,0.6845,9,5,0,0,2601|2602|2603|2604|2605|2606|2607|2608|2609|2610|2611|2612|2613|2614
16:46-16:47,1006,1007,0,0,0,0,0,0,0,,0,0,0,0,
16:47-16:48,1007,1008,0,0,0,0,0,0,0,,0,0,0,0,
16:48-16:49,1008,1009,0,0,0,0,0,0,0,,0,0,0,0,
16:49-16:50,1009,1010,0,0,0,0,0,0,0,,0,0,0,0,
16:50-16:51,1010,1011,0,0,0,0,0,0,0,,0,0,0,0,
16:51-16:52,1011,1012,0,0,0,0,0,0,0,,0,0,0,0,
16:52-16:53,1012,1013,0,0,0,0,0,0,0,,0,0,0,0,
16:53-16:54,1013,1014,1,1,0,0,0,1,0,,1,0,0,0,2615
16:54-16:55,1014,1015,16,14,2,0,0,16,12,0.7312,14,2,0,0,2616|2617|2618|2619|2620|2621|2622|2623|2624|2625|2626|2627|2628|2629|2630|2631
16:55-16:56,1015,1016,4,3,1,0,0,4,2,0.6653,3,1,0,0,2632|2633|2634|2635
16:56-16:57,1016,1017,0,0,0,0,0,0,0,,0,0,0,0,
16:57-16:58,1017,1018,21,18,4,0,0,22,14,0.7294,18,4,0,0,2636|2637|2638|2639|2640|2641|2642|2643|2644|2645|2646|2647|2648|2649|2650|2651|2652|2653|2654|2655|2656
16:58-16:59,1018,1019,0,0,0,0,0,0,0,,0,0,0,0,
16:59-17:00,1019,1020,18,15,4,0,0,19,13,0.6036,15,4,0,0,2657|2658|2659|2660|2661|2662|2663|2664|2665|2666|2667|2668|2669|2670|2671|2672|2673|2674
17:00-17:01,1020,1021,4,0,4,0,0,4,2,0.7781,0,4,0,0,2675|2676|2677|2678
17:01-17:02,1021,1022,2,0,2,0,0,2,1,0.7373,0,2,0,0,2679|2680
17:02-17:03,1022,1023,6,3,3,0,0,6,4,0.7101,3,3,0,0,2681|2682|2683|2684|2685|2686
17:03-17:04,1023,1024,0,0,0,0,0,0,0,,0,0,0,0,
17:04-17:05,1024,1025,10,7,3,0,0,10,3,0.5869,7,3,0,0,2687|2688|2689|2690|2691|2692|2693|2694|2695|2696
17:05-17:06,1025,1026,16,16,0,0,0,16,8,0.7247,16,0,0,0,2697|2698|2699|2700|2701|2702|2703|2704|2705|2706|2707|2708|2709|2710|2711|2712
17:06-17:07,1026,1027,2,2,0,0,0,2,1,0.7985,2,0,0,0,2713|2714
17:07-17:08,1027,1028,0,0,0,0,0,0,0,,0,0,0,0,
17:08-17:09,1028,1029,0,0,0,0,0,0,0,,0,0,0,0,
17:09-17:10,1029,1030,0,0,0,0,0,0,0,,0,0,0,0,
17:10-17:11,1030,1031,0,0,0,0,0,0,0,,0,0,0,0,
17:11-17:12,1031,1032,5,2,3,0,0,5,4,0.6789,2,3,0,0,2715|2716|2717|2718|2719
17:12-17:13,1032,1033,9,8,2,0,0,10,2,0.7409,8,2,0,0,2720|2721|2722|2723|2724|2725|2726|2727|2728
17:13-17:14,1033,1034,17,14,4,0,0,18,4,0.7113,14,4,0,0,2729|2730|2731|2732|2733|2734|2735|2736|2737|2738|2739|2740|2741|2742|2743|2744|2745
17:14-17:15,1034,1035,7,5,2,0,0,7,2,0.5359,5,2,0,0,2746|2747|2748|2749|2750|2751|2752
17:15-17:16,1035,1036,0,0,0,0,0,0,0,,0,0,0,0,
17:16-17:17,1036,1037,8,7,1,0,0,8,1,0.7368,7,1,0,0,2753|2754|2755|2756|2757|2758|2759|2760
17:17-17:18,1037,1038,17,14,3,0,0,17,9,0.7328,14,3,0,0,2761|2762|2763|2764|2765|2766|2767|2768|2769|2770|2771|2772|2773|2774|2775|2776|2777
17:18-17:19,1038,1039,17,10,9,0,0,19,4,0.8132,10,9,0,0,2778|2779|2780|2781|2782|2783|2784|2785|2786|2787|2788|2789|2790|2791|2792|2793|2794
17:19-17:20,1039,1040,3,2,1,0,0,3,1,0.9072,2,1,0,0,2795|2796|2797
17:20-17:21,1040,1041,8,7,1,0,0,8,3,0.7817,7,1,0,0,2798|2799|2800|2801|2802|2803|2804|2805
17:21-17:22,1041,1042,18,14,4,0,0,18,14,0.6935,14,4,0,0,2806|2807|2808|2809|2810|2811|2812|2813|2814|2815|2816|2817|2818|2819|2820|2821|2822|2823
17:22-17:23,1042,1043,15,13,2,0,0,15,5,0.7073,13,2,0,0,2824|2825|2826|2827|2828|2829|2830|2831|2832|2833|2834|2835|2836|2837|2838
17:23-17:24,1043,1044,5,4,1,0,0,5,2,0.6653,4,1,0,0,2839|2840|2841|2842|2843
17:24-17:25,1044,1045,0,0,0,0,0,0,0,,0,0,0,0,
17:25-17:26,1045,1046,1,0,1,0,0,1,1,0.7967,0,1,0,0,2844
17:26-17:27,1046,1047,11,10,1,0,0,11,6,0.6079,10,1,0,0,2845|2846|2847|2848|2849|2850|2851|2852|2853|2854|2855
17:27-17:28,1047,1048,15,8,7,0,0,15,4,0.8138,8,7,0,0,2856|2857|2858|2859|2860|2861|2862|2863|2864|2865|2866|2867|2868|2869|2870
17:28-17:29,1048,1049,8,8,0,0,0,8,3,0.7649,8,0,0,0,2871|2872|2873|2874|2875|2876|2877|2878
17:29-17:30,1049,1050,3,2,1,0,0,3,1,0.5517,2,1,0,0,2879|2880|2881
17:30-17:31,1050,1051,1,1,0,0,0,1,1,0.7864,1,0,0,0,2882
17:31-17:32,1051,1052,1,1,0,0,0,1,1,0.6549,1,0,0,0,2883
17:32-17:33,1052,1053,0,0,0,0,0,0,0,,0,0,0,0,
17:33-17:34,1053,1054,0,0,0,0,0,0,0,,0,0,0,0,
17:34-17:35,1054,1055,0,0,0,0,0,0,0,,0,0,0,0,
17:35-17:36,1055,1056,13,5,10,0,0,15,10,0.6453,5,10,0,0,2884|2885|2886|2887|2888|2889|2890|2891|2892|2893|2894|2895|2896
17:36-17:37,1056,1057,1,1,0,0,0,1,1,0.5453,1,0,0,0,2897
17:37-17:38,1057,1058,0,0,0,0,0,0,0,,0,0,0,0,
17:38-17:39,1058,1059,0,0,0,0,0,0,0,,0,0,0,0,
17:39-17:40,1059,1060,0,0,0,0,0,0,0,,0,0,0,0,
17:40-17:41,1060,1061,0,0,0,0,0,0,0,,0,0,0,0,
17:41-17:42,1061,1062,0,0,0,0,0,0,0,,0,0,0,0,
17:42-17:43,1062,1063,0,0,0,0,0,0,0,,0,0,0,0,
17:43-17:44,1063,1064,0,0,0,0,0,0,0,,0,0,0,0,
17:44-17:45,1064,1065,0,0,0,0,0,0,0,,0,0,0,0,
17:45-17:46,1065,1066,0,0,0,0,0,0,0,,0,0,0,0,
17:46-17:47,1066,1067,0,0,0,0,0,0,0,,0,0,0,0,
17:47-17:48,1067,1068,1,1,0,0,0,1,0,,1,0,0,0,2898
17:48-17:49,1068,1069,1,1,0,0,0,1,1,0.8077,1,0,0,0,2899
17:49-17:50,1069,1070,2,1,1,0,0,2,1,0.6222,1,1,0,0,2900|2901
17:50-17:51,1070,1071,0,0,0,0,0,0,0,,0,0,0,0,
17:51-17:52,1071,1072,0,0,0,0,0,0,0,,0,0,0,0,
17:52-17:53,1072,1073,0,0,0,0,0,0,0,,0,0,0,0,
17:53-17:54,1073,1074,0,0,0,0,0,0,0,,0,0,0,0,
17:54-17:55,1074,1075,0,0,0,0,0,0,0,,0,0,0,0,
17:55-17:56,1075,1076,1,1,0,0,0,1,0,,1,0,0,0,2902
17:56-17:57,1076,1077,4,3,1,0,0,4,3,0.7706,3,1,0,0,2903|2904|2905|2906
17:57-17:58,1077,1078,1,1,0,0,0,1,0,,1,0,0,0,2907
17:58-17:59,1078,1079,0,0,0,0,0,0,0,,0,0,0,0,
17:59-18:00,1079,1080,0,0,0,0,0,0,0,,0,0,0,0,
18:00-18:01,1080,1081,0,0,0,0,0,0,0,,0,0,0,0,
18:01-18:02,1081,1082,0,0,0,0,0,0,0,,0,0,0,0,
18:02-18:03,1082,1083,0,0,0,0,0,0,0,,0,0,0,0,
18:03-18:04,1083,1084,0,0,0,0,0,0,0,,0,0,0,0,
18:04-18:05,1084,1085,0,0,0,0,0,0,0,,0,0,0,0,
18:05-18:06,1085,1086,0,0,0,0,0,0,0,,0,0,0,0,
18:06-18:07,1086,1087,0,0,0,0,0,0,0,,0,0,0,0,
18:07-18:08,1087,1088,0,0,0,0,0,0,0,,0,0,0,0,
18:08-18:09,1088,1089,0,0,0,0,0,0,0,,0,0,0,0,
18:09-18:10,1089,1090,0,0,0,0,0,0,0,,0,0,0,0,
18:10-18:11,1090,1091,0,0,0,0,0,0,0,,0,0,0,0,
18:11-18:12,1091,1092,4,2,2,0,0,4,4,0.7151,2,2,0,0,2908|2909|2910|2911
18:12-18:13,1092,1093,12,9,2,0,1,12,10,0.6684,10,2,0,1,2912|2913|2914|2915|2916|2917|2918|2919|2920|2921|2922|2923
18:13-18:14,1093,1094,5,2,3,0,0,5,3,0.7608,2,3,0,0,2924|2925|2926|2927|2928
18:14-18:15,1094,1095,0,0,0,0,0,0,0,,0,0,0,0,
18:15-18:16,1095,1096,0,0,0,0,0,0,0,,0,0,0,0,
18:16-18:17,1096,1097,0,0,0,0,0,0,0,,0,0,0,0,
18:17-18:18,1097,1098,0,0,0,0,0,0,0,,0,0,0,0,
18:18-18:19,1098,1099,0,0,0,0,0,0,0,,0,0,0,0,
18:19-18:20,1099,1100,0,0,0,0,0,0,0,,0,0,0,0,
18:20-18:21,1100,1101,0,0,0,0,0,0,0,,0,0,0,0,
18:21-18:22,1101,1102,0,0,0,0,0,0,0,,0,0,0,0,
18:22-18:23,1102,1103,0,0,0,0,0,0,0,,0,0,0,0,
18:23-18:24,1103,1104,0,0,0,0,0,0,0,,0,0,0,0,
18:24-18:25,1104,1105,0,0,0,0,0,0,0,,0,0,0,0,
18:25-18:26,1105,1106,0,0,0,0,0,0,0,,0,0,0,0,
18:26-18:27,1106,1107,0,0,0,0,0,0,0,,0,0,0,0,
18:27-18:28,1107,1108,0,0,0,0,0,0,0,,0,0,0,0,
18:28-18:29,1108,1109,0,0,0,0,0,0,0,,0,0,0,0,
18:29-18:30,1109,1110,0,0,0,0,0,0,0,,0,0,0,0,
18:30-18:31,1110,1111,1,1,0,0,0,1,0,,1,0,0,0,2929
18:31-18:32,1111,1112,0,0,0,0,0,0,0,,0,0,0,0,
18:32-18:33,1112,1113,0,0,0,0,0,0,0,,0,0,0,0,
18:33-18:34,1113,1114,1,1,0,0,0,1,0,,1,0,0,0,2930
18:34-18:35,1114,1115,0,0,0,0,0,0,0,,0,0,0,0,
18:35-18:36,1115,1116,0,0,0,0,0,0,0,,0,0,0,0,
18:36-18:37,1116,1117,1,1,0,0,0,1,0,,1,0,0,0,2931
18:37-18:38,1117,1118,0,0,0,0,0,0,0,,0,0,0,0,
18:38-18:39,1118,1119,1,1,0,0,0,1,0,,1,0,0,0,2932
18:39-18:40,1119,1120,0,0,0,0,0,0,0,,0,0,0,0,
18:40-18:41,1120,1121,0,0,0,0,0,0,0,,0,0,0,0,
18:41-18:42,1121,1122,0,0,0,0,0,0,0,,0,0,0,0,
18:42-18:43,1122,1123,0,0,0,0,0,0,0,,0,0,0,0,
18:43-18:44,1123,1124,0,0,0,0,0,0,0,,0,0,0,0,
18:44-18:45,1124,1125,0,0,0,0,0,0,0,,0,0,0,0,
18:45-18:46,1125,1126,1,0,1,0,0,1,1,0.589,0,1,0,0,2933
18:46-18:47,1126,1127,0,0,0,0,0,0,0,,0,0,0,0,
18:47-18:48,1127,1128,11,4,7,0,0,11,8,0.771,4,7,0,0,2934|2935|2936|2937|2938|2939|2940|2941|2942|2943|2944
18:48-18:49,1128,1129,14,12,2,0,0,14,11,0.6712,12,2,0,0,2945|2946|2947|2948|2949|2950|2951|2952|2953|2954|2955|2956|2957|2958
18:49-18:50,1129,1130,0,0,0,0,0,0,0,,0,0,0,0,
18:50-18:51,1130,1131,0,0,0,0,0,0,0,,0,0,0,0,
18:51-18:52,1131,1132,0,0,0,0,0,0,0,,0,0,0,0,
18:52-18:53,1132,1133,0,0,0,0,0,0,0,,0,0,0,0,
18:53-18:54,1133,1134,1,1,0,0,0,1,0,,1,0,0,0,2959
18:54-18:55,1134,1135,1,1,0,0,0,1,0,,1,0,0,0,2960
18:55-18:56,1135,1136,1,1,0,0,0,1,0,,1,0,0,0,2961
18:56-18:57,1136,1137,2,1,1,0,0,2,0,,1,1,0,0,2962|2963
18:57-18:58,1137,1138,0,0,0,0,0,0,0,,0,0,0,0,
18:58-18:59,1138,1139,0,0,0,0,0,0,0,,0,0,0,0,
18:59-19:00,1139,1140,1,0,1,0,0,1,1,0.6526,0,1,0,0,2964
19:00-19:01,1140,1141,0,0,0,0,0,0,0,,0,0,0,0,
19:01-19:02,1141,1142,0,0,0,0,0,0,0,,0,0,0,0,
19:02-19:03,1142,1143,0,0,0,0,0,0,0,,0,0,0,0,
19:03-19:04,1143,1144,0,0,0,0,0,0,0,,0,0,0,0,
19:04-19:05,1144,1145,1,0,1,0,0,1,0,,0,1,0,0,2965
19:05-19:06,1145,1146,0,0,0,0,0,0,0,,0,0,0,0,
19:06-19:07,1146,1147,0,0,0,0,0,0,0,,0,0,0,0,
19:07-19:08,1147,1148,0,0,0,0,0,0,0,,0,0,0,0,
19:08-19:09,1148,1149,0,0,0,0,0,0,0,,0,0,0,0,
19:09-19:10,1149,1150,0,0,0,0,0,0,0,,0,0,0,0,
19:10-19:11,1150,1151,0,0,0,0,0,0,0,,0,0,0,0,
19:11-19:12,1151,1152,0,0,0,0,0,0,0,,0,0,0,0,
19:12-19:13,1152,1153,0,0,0,0,0,0,0,,0,0,0,0,
19:13-19:14,1153,1154,0,0,0,0,0,0,0,,0,0,0,0,
19:14-19:15,1154,1155,0,0,0,0,0,0,0,,0,0,0,0,
19:15-19:16,1155,1156,0,0,0,0,0,0,0,,0,0,0,0,
19:16-19:17,1156,1157,0,0,0,0,0,0,0,,0,0,0,0,
19:17-19:18,1157,1158,0,0,0,0,0,0,0,,0,0,0,0,
19:18-19:19,1158,1159,0,0,0,0,0,0,0,,0,0,0,0,
19:19-19:20,1159,1160,0,0,0,0,0,0,0,,0,0,0,0,
19:20-19:21,1160,1161,3,3,0,0,0,3,0,,3,0,0,0,2966|2967|2968
19:21-19:22,1161,1162,5,3,2,0,0,5,0,,3,2,0,0,2969|2970|2971|2972|2973
19:22-19:23,1162,1163,12,8,6,0,0,14,10,0.709,8,6,0,0,2974|2975|2976|2977|2978|2979|2980|2981|2982|2983|2984|2985
19:23-19:24,1163,1164,0,0,0,0,0,0,0,,0,0,0,0,
19:24-19:25,1164,1165,0,0,0,0,0,0,0,,0,0,0,0,
19:25-19:26,1165,1166,0,0,0,0,0,0,0,,0,0,0,0,
19:26-19:27,1166,1167,0,0,0,0,0,0,0,,0,0,0,0,
19:27-19:28,1167,1168,0,0,0,0,0,0,0,,0,0,0,0,
19:28-19:29,1168,1169,1,1,0,0,0,1,0,,1,0,0,0,2986
19:29-19:30,1169,1170,2,2,1,0,0,3,0,,2,1,0,0,2987|2988
19:30-19:31,1170,1171,1,1,0,0,0,1,0,,1,0,0,0,2989
19:31-19:32,1171,1172,0,0,0,0,0,0,0,,0,0,0,0,
19:32-19:33,1172,1173,0,0,0,0,0,0,0,,0,0,0,0,
19:33-19:34,1173,1174,0,0,0,0,0,0,0,,0,0,0,0,
19:34-19:35,1174,1175,0,0,0,0,0,0,0,,0,0,0,0,
19:35-19:36,1175,1176,0,0,0,0,0,0,0,,0,0,0,0,
19:36-19:37,1176,1177,0,0,0,0,0,0,0,,0,0,0,0,
19:37-19:38,1177,1178,1,1,0,0,0,1,0,,1,0,0,0,2990
19:38-19:39,1178,1179,0,0,0,0,0,0,0,,0,0,0,0,
19:39-19:40,1179,1180,0,0,0,0,0,0,0,,0,0,0,0,
19:40-19:41,1180,1181,0,0,0,0,0,0,0,,0,0,0,0,
19:41-19:42,1181,1182,0,0,0,0,0,0,0,,0,0,0,0,
19:42-19:43,1182,1183,1,0,1,0,0,1,1,0.9327,0,1,0,0,2991
19:43-19:44,1183,1184,1,1,0,0,0,1,1,0.5648,1,0,0,0,2992
19:44-19:45,1184,1185,0,0,0,0,0,0,0,,0,0,0,0,
