hud_level,crown_level_before,total_growth_percent,events
1,0,15.0,1
2,0,15.0,13
3,0,15.0,20
4,0,15.0,27
5,0,25.0,24
6,0,25.0,31
7,0,25.0,34
8,0,25.0,52
9,0,25.0,42
10,0,35.0,52
11,1,43.0,43
12,2,51.0,41
13,2,51.0,33
14,2,51.0,40
15,3,69.0,51
16,3,69.0,51
17,3,69.0,67
18,3,69.0,41
19,3,69.0,22
20,4,177.0,121
21,4,77.0,60
22,4,77.0,49
23,5,85.0,35
24,5,85.0,66
25,5,85.0,3
26,5,85.0,29
27,5,85.0,7
28,5,85.0,57
29,5,85.0,94
30,5,85.0,98
31,5,85.0,64
32,5,85.0,47
33,5,85.0,21
34,5,85.0,25
35,5,85.0,18
37,5,85.0,63
38,5,85.0,71
39,5,85.0,114
40,5,185.0,81
41,5,85.0,94
42,5,85.0,109
43,5,85.0,64
44,5,85.0,13
45,5,85.0,9
48,5,85.0,39
49,5,85.0,147
50,5,85.0,105
51,5,85.0,12
53,5,85.0,3
55,5,85.0,21
56,5,85.0,85
57,5,85.0,105
58,5,85.0,42
59,5,85.0,19
60,5,85.0,5
63,5,85.0,34
64,5,85.0,83
65,5,85.0,84
66,5,85.0,16
68,5,85.0,10
69,5,85.0,8
70,5,85.0,14
71,5,85.0,4
72,5,85.0,8
73,5,85.0,24
74,5,85.0,27
